,index,Unnamed: 0,track_id,artist,track,album,duration,tempo,energy,danceability,valence,key,time_signature,acousticness,instrumentalness,mode,styles
0,0,0,2t7OLqJA5oD5I5QZRwMPAR,Healion,About Breathing,"In Light, It Undoes Nothing...",7.2,160.011,0.676,0.618,0.146,F#,4,0.0609,0.735,0,"['Drum n Bass', 'IDM', 'Leftfield']"
1,5,1,1adXPHPWJrsa90kHuJZNrV,Healion,About Breathing - Remix,"In Light, It Undoes Nothing...",6.143416666666667,159.994,0.913,0.724,0.948,D#,4,0.0269,0.821,0,"['Drum n Bass', 'IDM', 'Leftfield']"
2,10,2,5sBXirjKrYh57rEGOiUBtP,Healion,Vetiver,"In Light, It Undoes Nothing...",4.625,128.007,0.594,0.644,0.585,G#,4,0.48,0.889,0,"['Drum n Bass', 'IDM', 'Leftfield']"
3,15,3,6EnNR8NnMTznFVowHfWPk8,Healion,I'll See It When I Believe It,"In Light, It Undoes Nothing...",4.3826,112.795,0.523,0.22,0.287,A,4,0.483,0.773,0,"['Drum n Bass', 'IDM', 'Leftfield']"
4,20,4,33wGiihh5zKVLAb3J3DvBk,Healion,Gathering,"In Light, It Undoes Nothing...",4.053333333333334,149.986,0.882,0.578,0.821,F#,4,0.496,0.877,1,"['Drum n Bass', 'IDM', 'Leftfield']"
5,25,5,1SVfU1SegvoS7E8t1ala4d,Huerta,Pain Relief,Junipero,4.287983333333333,80.133,0.314,0.305,0.344,G,5,0.891,0.0125,1,"['Ambient', 'Deep House']"
6,36,6,2ZKnXvGqQ3cVYmUlUFEzDh,Huerta,Blanket Dub,Junipero,6.237283333333333,117.958,0.713,0.565,0.33,C,4,0.653,0.936,0,"['Ambient', 'Deep House']"
7,47,7,18HKb8orGh5CZtzcezYUy7,Huerta,Mutualism,Junipero,4.75,127.982,0.757,0.689,0.722,G,4,0.831,0.888,0,"['Ambient', 'Deep House']"
8,58,8,0jj2x7OST0shCGjfgifHyS,Huerta,It Goes over Me,Junipero,3.809516666666666,81.958,0.0742,0.179,0.0639,B,5,0.794,0.92,0,"['Ambient', 'Deep House']"
9,69,9,3YEojiLatViYEOq8pCwqeg,Huerta,All Wild Things Are Shy,Junipero,4.3636333333333335,132.044,0.812,0.671,0.404,C,4,0.0371,0.823,0,"['Ambient', 'Deep House']"
10,80,10,2PSFYm7x9XQjAPzGx59Fix,Huerta,Aerial Interlude,Junipero,2.2,81.31,0.0568,0.164,0.0395,C#,4,0.979,0.974,0,"['Ambient', 'Deep House']"
11,91,11,2riha2KKZMqEPtnK0HaT1j,Huerta,Plant Memory,Junipero,8.0,82.436,0.533,0.377,0.346,F,4,0.953,0.937,1,"['Ambient', 'Deep House']"
12,102,12,5O5vhPvmMpNiUcqe1qC6AK,Huerta,Waxwing Air,Junipero,3.4330666666666665,127.01,0.844,0.799,0.719,F#,4,0.0803,0.886,0,"['Ambient', 'Deep House']"
13,113,13,00psxjEcTkNXI6aN2AS0eK,Huerta,The Ritual,Junipero,4.913383333333333,127.001,0.965,0.764,0.833,G,4,0.121,0.902,1,"['Ambient', 'Deep House']"
14,124,14,3ORpfjOzaZhv4pcWfnl9lX,Huerta,Road to Toco,Junipero,5.291333333333333,126.984,0.897,0.713,0.823,F#,4,0.775,0.32,1,"['Ambient', 'Deep House']"
15,135,15,37kukgcBEhxyl6wXxdW7T3,Huerta,Tiles & Glass,Junipero,7.755316666666666,83.431,0.455,0.174,0.0263,A#,4,0.654,0.909,0,"['Ambient', 'Deep House']"
16,146,16,7lZsH3cKcwOFWDIZe03Xo1,Perko,Swirral Edge,Galerie,6.0375,66.31,0.284,0.241,0.0574,E,4,0.814,0.952,0,
17,147,17,6uwcQwvsEjOVsaCb0ItzX3,Perko,Galerie,Galerie,3.8291666666666666,125.742,0.0885,0.464,0.11,G#,4,0.995,0.957,1,
18,148,18,2UME9I15BKUwUUmBkLTWJu,Perko,Interlude,Galerie,1.1375,87.972,0.486,0.381,0.0388,C#,3,0.334,0.794,0,
19,149,19,1mH7JeLR84GjXwa4tZBnX6,Perko,Edie,Galerie,3.9029666666666665,128.775,0.107,0.244,0.0688,F,5,0.971,0.926,1,
20,150,20,0I6WVW9P5fjiR5tpGAVrJw,Perko,Striding Edge,Galerie,4.9,111.088,0.505,0.186,0.0372,F#,3,0.985,0.974,0,
21,151,21,1bM2e3fY5IULzm4ytSZatw,Perko,Scramble,Galerie,1.3416666666666666,111.353,0.842,0.262,0.0199,C#,5,0.975,0.993,1,
22,152,22,0RX6QzU0MM8rluWDYexZB3,Perko,Marri,Galerie,5.358333333333333,72.677,0.119,0.133,0.036,F,3,0.174,0.906,1,
23,153,23,507rYNtpjSjBIpmfsxZOkw,Perko,Oak,Galerie,5.599716666666667,67.768,0.00346,0.0783,0.0643,C,4,0.859,0.971,0,
24,154,24,2RQV2cmghvRD6Kr1zbUqEd,Area 3,Bubble,Area 3,10.4451,72.41,0.315,0.0636,0.0352,E,4,0.661,0.949,1,"['House', 'Deep House']"
25,160,25,0Fco2DGV9lXlqLzbQ3VQ1n,Area 3,Feb Patch,Area 3,4.729316666666667,102.812,0.537,0.245,0.334,C#,3,0.984,0.178,0,"['House', 'Deep House']"
26,166,26,0tzAfRpaJ5L0NyGWvtajl0,Area 3,Mod 3,Area 3,5.76705,168.474,0.107,0.118,0.0388,D#,4,0.967,0.978,0,"['House', 'Deep House']"
27,172,27,5cL29hQQB1H5IkICLO3ead,Area 3,Ssky,Area 3,11.55555,107.903,0.412,0.4,0.292,F#,1,0.924,0.906,1,"['House', 'Deep House']"
28,178,28,2uuWydcYuLjEIsOLR0Tfjm,Area 3,Planetarium,Area 3,5.756633333333333,105.046,0.702,0.271,0.325,C,1,0.917,0.915,1,"['House', 'Deep House']"
29,184,29,70BluzZHkzrYOeCtq5szhi,Area 3,Pluck,Area 3,4.0851,187.929,0.574,0.549,0.354,C#,4,0.895,0.958,1,"['House', 'Deep House']"
30,190,30,6NLAH3uaOwEwNEBZIcaEnk,Andrew Pekler,Approximate Bermeja,Sounds From Phantom Islands,3.15,116.364,0.421,0.485,0.82,D,3,0.867,0.962,1,['Abstract']
31,200,31,72f58kIlvA9l1OWrfGt6Lu,Andrew Pekler,Hy Brasil,Sounds From Phantom Islands,5.033333333333333,172.104,0.532,0.176,0.229,F,5,0.164,0.827,0,['Abstract']
32,210,32,1m3bBuESPcXHiB8VCw8ZYj,Andrew Pekler,Sunshower at Sandy Island,Sounds From Phantom Islands,3.8541666666666665,89.199,0.445,0.266,0.143,E,4,0.914,0.768,0,['Abstract']
33,220,33,2i3QvsAQVfNqLJnDUh3KEa,Andrew Pekler,Saxenburgh / Pepys / Aurora,Sounds From Phantom Islands,4.966666666666667,76.123,0.311,0.341,0.0785,D#,5,0.775,0.518,1,['Abstract']
34,230,34,2H31cM29jM7l3fuSwUdDBI,Andrew Pekler,Los Jardines,Sounds From Phantom Islands,3.658333333333333,80.298,0.338,0.298,0.386,G#,3,0.962,0.685,1,['Abstract']
35,240,35,4yy0hEVXuXyHWr1nJKw9Ze,Andrew Pekler,Taprobana,Sounds From Phantom Islands,3.1666666666666665,125.303,0.726,0.453,0.343,C#,4,0.906,0.0123,0,['Abstract']
36,250,36,6D76C2AAbZLVwyBSwhAGs2,Andrew Pekler,Description of Rain (Over Frisland),Sounds From Phantom Islands,4.441666666666666,130.735,0.254,0.163,0.104,D,5,0.636,0.921,0,['Abstract']
37,260,37,2lcOhy57tGjdLOirmNvdnT,Andrew Pekler,Fonseca Winds (Lament),Sounds From Phantom Islands,3.7083333333333335,132.978,0.522,0.239,0.273,G#,5,0.745,0.879,1,['Abstract']
38,270,38,1vqacZBMitQFuSFn1Pdgga,Andrew Pekler,Onaseuse / Crespo / Rica de Oro,Sounds From Phantom Islands,3.083333333333333,97.701,0.325,0.464,0.0594,C,1,0.773,3.63e-06,1,['Abstract']
39,280,39,14Z9OMgdWUwnol9SxCRP8J,Andrew Pekler,Tuanahe,Sounds From Phantom Islands,4.266666666666667,130.079,0.165,0.456,0.41,F,5,0.885,0.86,0,['Abstract']
40,290,40,6D5FTWiKSAayZOqZe2nkOd,Roméo Poirier,Thalassocratie,Hotel Nota,4.966666666666667,175.016,0.155,0.245,0.148,F,4,0.873,0.898,0,['Ambient']
41,301,41,4mtcMcIG9oxwevTbLu8wiN,Roméo Poirier,Longe-côte,Hotel Nota,5.5,107.964,0.506,0.324,0.0734,F,3,0.851,0.885,1,['Ambient']
42,312,42,6dO4XxKrPZHMkUsUpqBvPS,Roméo Poirier,Trace palmaire,Hotel Nota,4.333333333333333,124.29,0.586,0.369,0.0384,F,4,0.691,0.922,1,['Ambient']
43,323,43,0E496U0jKcMlEMwMVgofa3,Roméo Poirier,Le bématiste,Hotel Nota,3.45,75.405,0.463,0.493,0.181,G#,4,0.709,0.975,1,['Ambient']
44,334,44,4jIjvxDqJl2eIxWWf1ZELE,Roméo Poirier,Sablage,Hotel Nota,3.333333333333333,108.628,0.23,0.268,0.115,C#,1,0.98,0.923,1,['Ambient']
45,345,45,0aBoMhb7VlK0n4xCTDSzFt,Roméo Poirier,Hotel Nota,Hotel Nota,3.55,137.834,0.343,0.197,0.162,B,4,0.947,0.826,0,['Ambient']
46,356,46,5ZS7Hz5ZF9rUNQMSrZ2rEY,Roméo Poirier,Pénombre,Hotel Nota,2.7333333333333334,171.645,0.238,0.168,0.0397,F#,4,0.979,0.927,0,['Ambient']
47,367,47,1EsZYfWyQUlKXWEGAZS2zH,Roméo Poirier,Du rocher,Hotel Nota,4.4,89.447,0.406,0.221,0.321,E,4,0.938,0.927,0,['Ambient']
48,378,48,3yz0xFjNdS6kGoajV2N9Os,Roméo Poirier,Ekphrasis,Hotel Nota,5.366666666666666,207.468,0.526,0.199,0.312,G#,4,0.777,0.896,1,['Ambient']
49,389,49,5pPAa9NhRFG9SLaZyGLNSg,Roméo Poirier,Raccordement,Hotel Nota,3.45,118.93,0.241,0.242,0.0641,G,5,0.941,0.879,0,['Ambient']
50,400,50,6PK4dYjTLP4enXmQYiwXAc,Roméo Poirier,Balayage,Hotel Nota,1.75,62.074,0.327,0.276,0.217,E,4,0.992,0.681,1,['Ambient']
51,411,51,6ogpXM3LUArjFisNm5hqmS,Leif,Yarrow,Loom Dream,7.078316666666667,168.114,0.218,0.408,0.0869,A,4,0.965,0.648,0,"['Ambient', 'Minimal', 'Downtempo']"
52,417,52,2SHNWbHIDrxIarfJ7mewRR,Leif,Borage,Loom Dream,4.209033333333333,156.029,0.49,0.495,0.135,C,3,0.723,0.908,1,"['Ambient', 'Minimal', 'Downtempo']"
53,423,53,5HF3RyQVJFM9FFB5r3NTeO,Leif,Myrtus,Loom Dream,5.452083333333333,146.961,0.314,0.229,0.075,B,4,0.976,0.887,0,"['Ambient', 'Minimal', 'Downtempo']"
54,429,54,7DAarY8ToTm3LIvZx7Snqj,Leif,Mimosa,Loom Dream,7.59875,109.273,0.25,0.16,0.0357,A,4,0.811,0.921,0,"['Ambient', 'Minimal', 'Downtempo']"
55,435,55,3c5WpolRa4zFWbkrOaoeDM,Leif,Rosa,Loom Dream,5.902983333333333,136.018,0.549,0.599,0.136,C,4,0.923,0.885,1,"['Ambient', 'Minimal', 'Downtempo']"
56,441,56,652xtNbI8BV8aYzunGPXbd,Leif,Pteridium,Loom Dream,3.8557166666666665,102.02,0.602,0.419,0.0697,F#,4,0.0154,0.925,0,"['Ambient', 'Minimal', 'Downtempo']"
57,447,57,4FPiRgGEf1zMgR0dvREQ5M,Leif,Seven Hour Flight to Nowhere,9 Airs,5.043716666666667,110.016,0.398,0.659,0.145,F#,4,0.735,0.822,0,['Avantgarde']
58,456,58,0rqeWRE02DdUUPwgPXEIle,Leif,Hold Gem Cut,9 Airs,2.688633333333333,92.714,0.217,0.109,0.0338,C#,4,0.946,0.995,0,['Avantgarde']
59,465,59,4C7YRjmh0gdKgnp2VsoEKx,Leif,Hiding in Plain Sight,9 Airs,3.8864,144.061,0.395,0.813,0.727,A,4,0.0298,0.886,1,['Avantgarde']
60,474,60,5B2pOEwvvLU1dX9oJZ02tF,Leif,Looking Inside to See How it Works,9 Airs,1.6288166666666666,79.848,0.332,0.627,0.386,A,5,0.273,0.934,1,['Avantgarde']
61,483,61,4YwXdpaPGbTvbVfgLX6yEj,Leif,Low D,9 Airs,5.696883333333333,180.006,0.372,0.75,0.64,B,3,0.928,0.88,1,['Avantgarde']
62,492,62,5Jo6fbT623z427xsUqMBaX,Leif,Emotional Risk Assessment,9 Airs,6.56685,100.166,0.0147,0.131,0.048,C#,4,0.957,0.974,1,['Avantgarde']
63,501,63,6oSI9ljiEvkqpukZI7f6go,Leif,Every Weather,9 Airs,5.700616666666667,171.976,0.356,0.511,0.309,E,4,0.605,0.86,0,['Avantgarde']
64,510,64,5qm0meOjD3Q4OzuATCqVYj,Leif,Wake Up Now,9 Airs,3.4622333333333333,100.012,0.248,0.544,0.346,G,4,0.97,0.915,1,['Avantgarde']
65,519,65,3t4lLwmP09HQuDX7AGYJjV,Leif,Tapping on a Hollow Body,9 Airs,4.454,137.915,0.245,0.42,0.0774,G,4,0.394,0.857,1,['Avantgarde']
66,528,66,6JUeLzeiUUnWGpT6Wug9Ac,Glint,Ledger,Glint,1.102833333333333,75.764,0.0326,0.128,0.101,C,4,0.99,0.988,1,['Ambient']
67,537,67,4WG47BJAdWRHo3LmLDWwE5,Glint,Tilt,Glint,8.968716666666667,108.149,0.94,0.188,0.067,C#,4,0.0257,0.766,1,['Ambient']
68,546,68,5YrNJuRTNd6MZv1PL5d8aG,Glint,Passerby,Glint,9.028433333333334,125.863,0.301,0.571,0.549,D,3,0.921,0.914,1,['Ambient']
69,555,69,5jUq0nXuYEbqCuQ8b9mwxB,Glint,Thicket,Glint,4.9004666666666665,81.837,0.451,0.114,0.222,E,3,6.79e-06,0.766,0,['Ambient']
70,564,70,1MdetruYRBtJ1eHjRG9W41,Glint,Full Cavity,Glint,3.665933333333333,96.318,0.655,0.13,0.105,C,3,0.0605,0.584,1,['Ambient']
71,573,71,1KS4cWz7I7AtDZ7r6FZBY8,Glint,Homebody,Glint,9.80375,125.593,0.579,0.215,0.0369,A#,3,0.572,0.562,1,['Ambient']
72,582,72,75fDSWpBijrU5HQ8f7i3Et,Glint,Steps to Breath,Glint,6.529433333333333,134.36,0.834,0.333,0.0326,F,4,0.0126,0.306,0,['Ambient']
73,591,73,3VSqwtsmt951bz23NuHm3P,Glint,Opal,Glint,6.311883333333333,74.006,0.385,0.175,0.144,G#,4,0.659,0.801,0,['Ambient']
74,600,74,6NkRlmnud0yacHcN4MGLQn,Glint,True Gleam,Glint,3.7599666666666662,131.284,0.374,0.58,0.499,F#,3,0.758,0.913,0,['Ambient']
75,609,75,2oEuzpAeaiLmqjqHwPcq2q,Peter Power,Home Is In The Mountains,Earth Love,4.658333333333333,78.978,0.117,0.3,0.0671,G,4,0.899,0.00946,0,
76,610,76,54nx6Z9R5IclwVwlGYEiHW,Peter Power,Life Love Impulse,Earth Love,6.75,130.049,0.212,0.336,0.0913,G,4,0.969,0.904,0,
77,611,77,1zyVMvPuwCsIXRV6Dw7GwH,Peter Power,Earth Love,Earth Love,22.7575,69.583,0.125,0.112,0.0363,E,1,0.85,0.888,0,
78,612,78,4Z4K6Scj7l4xvVpZhQQOWq,Area 3,Amb,Amb,8.933333333333334,65.727,0.199,0.0629,0.0314,D#,3,0.987,0.975,0,
79,613,79,4qG96tswR5tMdyGTETbwHF,Area 3,Kalma 2mg,Amb,4.953833333333334,132.453,0.299,0.341,0.196,C#,4,0.946,0.911,1,
80,614,80,6JZOsK1kAcRmquvnGaLRic,Area 3,April,Amb,6.533333333333333,158.217,0.452,0.611,0.0794,G#,1,0.841,0.926,1,
81,615,81,3U9bpVhCkYYvAbVqmLmq6k,Area 3,Whale,Amb,7.322033333333334,59.441,0.4,0.191,0.299,B,4,0.975,0.89,0,
82,616,82,1niwwOUJfpDqIqnzDzqpmz,Area 3,Petal Patch,Amb,8.288266666666667,120.171,0.443,0.175,0.331,C,3,0.986,0.278,1,
83,617,83,0kNZRUygxWbiLdmNPgFZEa,Area 3,Pluck II,Amb,5.344616666666667,140.995,0.156,0.49,0.138,C#,4,0.851,0.903,1,
84,618,84,2Mt27qdkzzjwSQq2TbTRnN,Jon Hopkins,Welcome,Music For Psychedelic Therapy,6.37955,138.718,0.234,0.143,0.0369,A#,4,0.801,0.956,1,['Ambient']
85,627,85,3zoIy4ZqZoq1nFshkGjgdo,Jon Hopkins,"Tayos Caves, Ecuador i",Music For Psychedelic Therapy,6.262433333333333,92.296,0.196,0.104,0.0368,F#,4,0.911,0.954,0,['Ambient']
86,636,86,0PAsdNDe9zjkKGYjNww7lx,Jon Hopkins,"Tayos Caves, Ecuador ii",Music For Psychedelic Therapy,5.13,136.256,0.235,0.151,0.18,A,4,0.821,0.816,1,['Ambient']
87,645,87,44GTsI6oCKFrKH7satg4e4,Jon Hopkins,"Tayos Caves, Ecuador iii",Music For Psychedelic Therapy,7.6511,131.538,0.859,0.16,0.0345,E,4,0.022,0.0103,1,['Ambient']
88,654,88,3G13xOZCkA74whPRazHnrF,Jon Hopkins,Love Flows Over Us In Prismatic Waves,Music For Psychedelic Therapy,6.8773333333333335,130.485,0.27,0.185,0.0753,F,3,0.805,0.806,1,['Ambient']
89,663,89,3MBvqGGviFJHmHXJ9AGHa5,Jon Hopkins,Deep In The Glowing Heart,Music For Psychedelic Therapy,8.854666666666667,114.978,0.326,0.168,0.0363,F,4,0.171,0.916,1,['Ambient']
90,672,90,3TqSk9b44VmdSgGllFcqmA,Jon Hopkins,"Ascending, Dawn Sky",Music For Psychedelic Therapy,9.36955,82.642,0.115,0.0802,0.0307,C,4,0.838,0.828,1,['Ambient']
91,681,91,52r5W1VYL4ESTrOLh9oXJ9,Jon Hopkins,Arriving,Music For Psychedelic Therapy,4.5971,64.938,0.124,0.0582,0.632,G,4,0.708,0.186,1,['Ambient']
92,690,92,7Bl1GdYbcJ0QSffErVWOnv,Jon Hopkins,Sit Around The Fire,Music For Psychedelic Therapy,8.378416666666666,62.744,0.231,0.219,0.157,G#,3,0.92,0.793,1,['Ambient']
93,699,93,6N4Dug2mwSwmJN02LHyNRM,Celer,"80,000 Feet",Nacreous Clouds,2.4166666666666665,142.122,0.243,0.137,0.0335,G,4,0.398,0.903,1,['Ambient']
94,736,94,6rYgp4bxLslXE4ZS4ZR1iu,Celer,Taking Measures Toward Morning,Nacreous Clouds,1.7333333333333334,69.577,0.0269,0.222,0.0307,D,4,0.906,0.973,1,['Ambient']
95,773,95,6leWhtGqsyfYI6emSxNYlz,Celer,Cherry Souls Awakening,Nacreous Clouds,2.033333333333333,68.864,0.00872,0.115,0.0292,D,4,0.994,0.609,1,['Ambient']
96,810,96,5uN7RB0ZFJ4LjHEYtZX8vW,Celer,"Scarfs, Blisters and Night Lights",Nacreous Clouds,2.6333333333333333,0.0,5.83e-05,0.0,0.0,F,0,0.843,0.993,1,['Ambient']
97,847,97,2mBJw8btIQFaZKjnRV2K3H,Celer,Artificial Colours,Nacreous Clouds,2.7666666666666666,119.545,0.0813,0.218,0.0232,C,4,0.904,0.864,1,['Ambient']
98,884,98,0vbbwzQfT1rUq6LBjJVkk3,Celer,Swift and Ersatz Cough to Morning,Nacreous Clouds,2.283333333333333,128.461,0.119,0.163,0.0241,A,4,0.956,0.906,0,['Ambient']
99,921,99,5dqPGe1mGp6NLZ4ebvPusH,Celer,Fathom This Young Life,Nacreous Clouds,2.7666666666666666,68.89,0.085,0.169,0.0348,G,4,0.72,0.943,1,['Ambient']
100,958,0,2Qq11WmUwFnsOudBCpPeuD,Celer,Metal Master,Nacreous Clouds,1.3333333333333333,62.592,0.261,0.165,0.0271,G,1,0.137,0.771,1,['Ambient']
101,995,1,5exqTDSSFWxDYDxj3K1ZYo,Celer,Diphenhydramine,Nacreous Clouds,4.066666666666666,136.416,0.444,0.265,0.0326,G,4,0.87,0.938,1,['Ambient']
102,1032,2,181EhPXefYPYEJcr9COtl9,Celer,Sluggish in the Morning,Nacreous Clouds,2.3,143.9,0.111,0.132,0.0319,C,4,0.963,0.954,1,['Ambient']
103,1069,3,4QszONCo6ibSUsxPjOzU13,Celer,Seeing; That Side of Teaching,Nacreous Clouds,2.283333333333333,0.0,0.00024,0.0,0.0,B,0,0.934,0.885,0,['Ambient']
104,1106,4,4mRsK2kmDlrgKz6PqIPIym,Celer,Mi,Nacreous Clouds,1.8,139.136,0.0208,0.143,0.0254,C,4,0.98,0.941,1,['Ambient']
105,1143,5,1ZtnqkRRzcuMFIV8XJpGv0,Celer,Peak Pressure,Nacreous Clouds,5.166666666666667,63.114,0.033,0.0587,0.0349,G,4,0.87,0.964,1,['Ambient']
106,1180,6,1yOpLc2WOocfRjTzYNS148,Celer,Rain Machines,Nacreous Clouds,1.1666666666666667,139.514,0.0604,0.141,0.0227,A,4,0.966,0.636,0,['Ambient']
107,1217,7,1bo4vnth4pJR640zGl3io9,Celer,Voiceless Devilfish,Nacreous Clouds,1.0166666666666666,73.202,0.00559,0.201,0.0362,F,4,0.982,0.977,1,['Ambient']
108,1254,8,6ABdwd3nGKveejHb4cJKWn,Celer,Swarms of Orange,Nacreous Clouds,1.3666666666666667,67.728,0.00025,0.149,0.0376,B,4,0.924,0.904,1,['Ambient']
109,1291,9,4TzRD8VjFyDDqCo5UKMXRT,Celer,The Divine is not Invisible,Nacreous Clouds,1.8166666666666669,116.623,0.0782,0.171,0.0235,D#,4,0.991,0.956,1,['Ambient']
110,1328,10,3gbxjWniSs65efM1Cd8xyQ,Celer,Passing Hills and Still Windmills,Nacreous Clouds,1.1666666666666667,74.416,0.00273,0.0801,0.0421,F,4,0.795,0.957,1,['Ambient']
111,1365,11,0732UX86RArpsI33whyj68,Celer,Petrified Forest,Nacreous Clouds,3.566666666666667,68.29,0.0283,0.179,0.0257,A#,4,0.993,0.859,1,['Ambient']
112,1402,12,0j8fpSzS1r2x3MrXzOFdat,Celer,Ice Deserts over Ross Island,Nacreous Clouds,3.3833333333333333,81.66,0.0413,0.0778,0.0298,C#,4,3.2e-05,0.938,1,['Ambient']
113,1439,13,6U1kpwNO00br1GaM71DupF,Celer,Scratch the Chest of Your Voices,Nacreous Clouds,1.0333333333333334,135.434,0.0412,0.152,0.0319,D,4,0.796,0.92,1,['Ambient']
114,1476,14,540tx7wyeCe5bGuQ83ADSH,Celer,Blind Darsan,Nacreous Clouds,0.8333333333333334,75.035,0.0188,0.176,0.0321,C,3,0.993,0.932,1,['Ambient']
115,1513,15,4S7Po1PQULQ7UIbAwlROeM,Celer,Missed Language,Nacreous Clouds,1.0,66.065,0.00339,0.233,0.0249,D,4,0.996,0.91,0,['Ambient']
116,1550,16,0fjJB7DDsIMlH0E8XMfAlq,Celer,Late Calms,Nacreous Clouds,1.2166666666666666,87.393,0.0057,0.177,0.0271,G,4,0.987,0.953,1,['Ambient']
117,1587,17,4TC6TXlb0fgEuf2RJmN1JB,Celer,"“To Be Holy, Be Wholly Your Own”",Nacreous Clouds,3.3,73.229,0.0315,0.212,0.0173,C#,4,0.982,0.946,1,['Ambient']
118,1624,18,1tC9sVks3UKuY8Jhfgqult,Celer,Hyperopia,Nacreous Clouds,3.9166666666666665,69.141,0.198,0.192,0.0251,C#,4,0.0742,0.976,1,['Ambient']
119,1661,19,4iv8Z6h3dnzw7qEgByPfGr,Celer,Right to Left,Nacreous Clouds,1.4166666666666667,71.452,0.225,0.188,0.032,C,4,0.487,0.962,1,['Ambient']
120,1698,20,1WJnqv0owJ6Go6XnXjI2Y5,Celer,A Minor Echolocation,Nacreous Clouds,2.533333333333333,134.266,0.000666,0.168,0.0285,D,4,0.981,1.0,1,['Ambient']
121,1735,21,7I8gtkCY8OfCXjqhLgkILS,Celer,We Were Blond First,Nacreous Clouds,1.6166666666666667,67.833,0.105,0.257,0.0373,D#,4,0.893,0.952,1,['Ambient']
122,1772,22,5CAhzUvKyAd7pNU0Zek9Us,Celer,The Stars are only Smears,Nacreous Clouds,1.9333333333333331,122.943,0.135,0.219,0.0224,F,4,0.976,0.892,1,['Ambient']
123,1809,23,2sJRCp01VgbiCbnnNeAHzW,Celer,Orionne,Nacreous Clouds,1.2666666666666666,76.957,0.0007,0.146,0.114,D,4,0.785,0.966,1,['Ambient']
124,1846,24,2FuwnFkVIwkEpdVfDgTZNp,Celer,5:59 AM,Nacreous Clouds,2.4166666666666665,67.719,0.0307,0.167,0.0311,D#,4,0.982,0.899,1,['Ambient']
125,1883,25,7d13oIHC4y7lMsFc8F63Do,Celer,Ends Meet,Nacreous Clouds,1.9666666666666663,139.726,0.0295,0.152,0.0308,C,4,0.872,0.963,1,['Ambient']
126,1920,26,4TuwZ2cd1XuQFZtibRTMMr,Celer,Mass Clouds,Nacreous Clouds,3.55,70.245,0.016,0.195,0.0307,D,4,0.93,0.97,1,['Ambient']
127,1957,27,0xqPmtYfmSk2GgmL7fl1lj,Celer,Till the Clouds Roll By,Nacreous Clouds,0.1333333333333333,0.0,0.438,0.0,0.0,C#,0,0.542,3.67e-05,1,['Ambient']
128,1994,28,34DIklRiKWwnmhwxehblKK,Celer,Apricot Sunrise,Nacreous Clouds,1.8333333333333333,139.812,0.0219,0.174,0.0274,A,3,0.97,0.789,0,['Ambient']
129,2031,29,6DuoVPVIAKiZVJ1TcYyWXe,Celer,Echelons,Nacreous Clouds,2.433333333333333,114.352,0.0462,0.208,0.0227,D#,1,0.991,0.985,1,['Ambient']
130,2068,30,7zxL6eKHN72GM3Z08X2rf9,Anenon,Open,Tongue,3.308333333333333,60.289,0.303,0.176,0.0777,G,3,0.954,0.15,0,
131,2069,31,3pHck24CChlWo2443GaOS3,Anenon,Two For C,Tongue,5.275,179.806,0.472,0.201,0.205,A#,3,0.957,0.953,1,
132,2070,32,1vgG9p7WamDZSpK3489Pzt,Anenon,Mansana,Tongue,8.233333333333333,99.131,0.168,0.161,0.038,D,4,0.977,0.936,0,
133,2071,33,6MGU2F182leCZ28uHtzY40,Anenon,Contra,Tongue,1.53125,125.523,0.281,0.411,0.135,C,4,0.952,0.925,0,
134,2072,34,1d6azm9hJ1pjEkCb1N7YQC,Anenon,Verso,Tongue,4.952066666666667,136.548,0.452,0.488,0.156,D#,4,0.947,0.951,1,
135,2073,35,54nVOodAjzOq8Z4or4OnRn,Anenon,Campana,Tongue,2.625,137.751,0.136,0.225,0.0431,C,3,0.847,0.0861,1,
136,2074,36,3wCIATEnczNq4FHkZvvYb6,Anenon,Pure,Tongue,3.933333333333333,109.966,0.534,0.28,0.285,G,3,0.26,0.889,0,
137,2075,37,5vJKRQ86yekhs7FSl3vbaE,Anenon,Tongue,Tongue,5.0625,179.493,0.651,0.47,0.313,F,4,0.708,0.894,0,
138,2076,38,6kQYXkCqyZ3CPiBpKxtHNv,Anenon,Sardinia,Tongue,3.3354666666666666,67.557,0.163,0.185,0.0347,D#,4,0.942,0.964,1,
139,2077,39,35NyjYJFaJxqbUF2y0jWl1,Aphex Twin,#1,Selected Ambient Works Volume II,7.463333333333333,102.884,0.0327,0.619,0.0785,A#,4,0.995,0.712,0,"['Ambient', 'Experimental']"
140,2101,40,0o3pBoCxCCVF6ungXlgVyL,Aphex Twin,#2,Selected Ambient Works Volume II,6.570666666666667,80.156,0.0562,0.352,0.15,B,5,0.994,0.894,1,"['Ambient', 'Experimental']"
141,2125,41,2Bc4llhjJBW77I552RgA3L,Aphex Twin,#3,Selected Ambient Works Volume II,7.738216666666666,143.315,0.071,0.167,0.0613,F#,5,0.911,0.855,0,"['Ambient', 'Experimental']"
142,2149,42,0FxUnU4EjDoDGRiFuVjyBH,Aphex Twin,#4,Selected Ambient Works Volume II,4.6611,121.671,0.236,0.172,0.0309,A,4,0.96,0.98,1,"['Ambient', 'Experimental']"
143,2173,43,4HBo946zIZAYhyzlZ7hfGo,Aphex Twin,#5,Selected Ambient Works Volume II,8.9211,139.865,0.0991,0.25,0.0399,C#,4,0.965,0.939,0,"['Ambient', 'Experimental']"
144,2197,44,6ucdKYdgqPpt5c7QqPAAN1,Aphex Twin,#6,Selected Ambient Works Volume II,3.522883333333333,100.93,0.0774,0.226,0.0674,D,4,0.995,0.979,0,"['Ambient', 'Experimental']"
145,2221,45,4Rjz6GjnEtG9upOBj6vGKK,Aphex Twin,#7,Selected Ambient Works Volume II,8.8571,72.045,0.0333,0.278,0.0477,C#,5,0.994,0.981,0,"['Ambient', 'Experimental']"
146,2245,46,4upOLM0SxXsQp1OW6GhZZK,Aphex Twin,#8,Selected Ambient Works Volume II,5.1411,112.949,0.101,0.942,0.303,G,4,0.92,0.941,1,"['Ambient', 'Experimental']"
147,2269,47,6AiDG8KtDJX9ZZS8fSxWjT,Aphex Twin,#9,Selected Ambient Works Volume II,6.911766666666667,165.964,0.0742,0.797,0.45,F#,4,0.347,0.875,1,"['Ambient', 'Experimental']"
148,2293,48,70txB0RmsuMbo5Q1KOBGln,Aphex Twin,#10,Selected Ambient Works Volume II,9.967766666666666,69.533,0.0472,0.116,0.0201,D#,4,0.974,0.905,0,"['Ambient', 'Experimental']"
149,2317,49,00rqHqrLS3ZZCqRLsMSPXs,Aphex Twin,#11,Selected Ambient Works Volume II,7.30155,118.942,0.0287,0.671,0.0381,B,4,0.995,0.923,1,"['Ambient', 'Experimental']"
150,2341,50,2RAAqoqzKaZ8LvsA6Uxd7W,Aphex Twin,#12,Selected Ambient Works Volume II,2.704433333333333,75.465,0.482,0.325,0.172,G#,3,0.000279,0.85,1,"['Ambient', 'Experimental']"
151,2365,51,7c4lnS1bSj4fRJWAQ8D54R,Aphex Twin,#13,Selected Ambient Works Volume II,7.338883333333333,134.902,0.127,0.497,0.0402,F,4,0.993,0.859,0,"['Ambient', 'Experimental']"
152,2389,52,2KhubLGvTQRSmsXLy10JU1,Aphex Twin,#14,Selected Ambient Works Volume II,8.008433333333333,152.571,0.0296,0.127,0.0377,E,3,0.992,0.947,0,"['Ambient', 'Experimental']"
153,2413,53,4orZ8nXNp9I3F3wB0mlSNH,Aphex Twin,#15,Selected Ambient Works Volume II,5.566,94.904,0.91,0.638,0.51,A,4,0.000105,0.928,0,"['Ambient', 'Experimental']"
154,2437,54,12l5YvRBNHUdUWSIBkxItS,Aphex Twin,#16,Selected Ambient Works Volume II,4.764433333333334,57.471,0.558,0.201,0.0284,F#,4,0.986,0.891,0,"['Ambient', 'Experimental']"
155,2461,55,5Ae091FBx68ZZ6JrCue7XI,Aphex Twin,#17,Selected Ambient Works Volume II,2.0851,120.877,0.148,0.392,0.0653,G,4,0.983,0.851,0,"['Ambient', 'Experimental']"
156,2485,56,0EF2mNCpYwYZIdgJxAU31D,Aphex Twin,#18,Selected Ambient Works Volume II,7.282216666666667,195.927,0.21,0.662,0.169,C#,4,0.813,0.359,1,"['Ambient', 'Experimental']"
157,2509,57,4rBDwVatn86sMwFiSv5a89,Aphex Twin,#19,Selected Ambient Works Volume II,5.9588833333333335,108.925,0.263,0.709,0.233,E,4,0.354,0.857,0,"['Ambient', 'Experimental']"
158,2533,58,5IExVHUiRccCWyJ4imu9qD,Aphex Twin,#20,Selected Ambient Works Volume II,4.25555,141.164,0.042,0.142,0.0427,A,3,0.971,0.913,0,"['Ambient', 'Experimental']"
159,2557,59,4SdyKZ8aquHh9mrvZ6eWXj,Aphex Twin,#21,Selected Ambient Works Volume II,7.158216666666666,84.357,0.206,0.0978,0.0335,A,4,0.981,0.977,1,"['Ambient', 'Experimental']"
160,2581,60,0hkwNfHKMTy1q2upxgHENJ,Aphex Twin,#22,Selected Ambient Works Volume II,7.506666666666667,141.334,0.119,0.135,0.0334,F,5,0.866,0.904,1,"['Ambient', 'Experimental']"
161,2605,61,43gZ3o30uy5c2joM7w5qO0,Aphex Twin,#23,Selected Ambient Works Volume II,11.452883333333334,165.8,0.0671,0.514,0.0391,D,4,0.996,0.909,0,"['Ambient', 'Experimental']"
162,2629,62,0gZzXPfSknP68aZ5sfyVUH,Aphex Twin,#24,Selected Ambient Works Volume II,5.698,138.386,0.293,0.227,0.0337,C#,3,0.941,0.965,1,"['Ambient', 'Experimental']"
163,2653,63,4pNiQlCV92Bv25fvluKzKh,Kodomo,Concept 15,Still Life,2.6326666666666667,159.969,0.598,0.367,0.612,F,4,0.432,0.891,1,
164,2654,64,2sKY9CiAANqg4M8jLoltKq,Kodomo,Concept 11,Still Life,5.581333333333333,146.014,0.579,0.669,0.547,A#,4,0.226,0.886,0,
165,2655,65,6YZhPShzIanAHFteBIBE7R,Kodomo,Concept 3,Still Life,5.038,105.992,0.589,0.82,0.559,B,4,0.0545,0.198,0,
166,2656,66,55bFnrLvc4tUvHVngYhMV3,Kodomo,Concept 1,Still Life,5.125766666666666,99.011,0.491,0.759,0.355,A#,4,0.0726,0.772,0,
167,2657,67,2kuwDNaAWuXcfLiC2cbvUs,Kodomo,Concept 13,Still Life,4.400216666666667,108.059,0.117,0.491,0.0398,C,4,0.964,0.942,0,
168,2658,68,4aEy2KCh3Rc1XBrOW8S7nz,Kodomo,Concept 16,Still Life,10.598216666666668,93.989,0.844,0.52,0.369,A#,4,0.199,0.771,1,
169,2659,69,2ZzRzUHlRATIuIexbxPACp,Kodomo,Concept 10,Still Life,5.050216666666667,160.054,0.49,0.639,0.635,F#,4,0.165,0.838,1,
170,2660,70,6n80pDnDT0XvXMuC6mWB5k,Kodomo,Concept 8,Still Life,1.901333333333333,90.437,0.237,0.403,0.102,A,4,0.895,0.825,1,
171,2661,71,6jQvI3Ctogtm711xK9yzRE,Kodomo,Concept 9,Still Life,4.094216666666667,144.022,0.165,0.547,0.296,F,3,0.848,0.887,0,
172,2662,72,4GPnohm5Vvq7vfqESyCMpC,Kodomo,Spira Mirabilis,Still Life,7.264666666666667,127.987,0.659,0.703,0.499,G#,4,0.00743,0.783,1,
173,2663,73,3LAFUS31F0n4niGXFVwAoD,Tristan Arp,Pond In Moonlight,Sculpturegardening,3.107066666666667,80.007,0.11,0.679,0.5,D#,4,0.979,0.961,0,"['Ambient', 'IDM', 'New Age', 'Techno']"
174,2672,74,1JnBldJPPq06C2OPpapjPz,Tristan Arp,From The Seams,Sculpturegardening,4.2977,120.013,0.726,0.651,0.402,C,4,0.584,0.844,1,"['Ambient', 'IDM', 'New Age', 'Techno']"
175,2681,75,2Hk5ez5QGXGixgFylHtzmc,Tristan Arp,Marble Net,Sculpturegardening,1.98865,168.023,0.415,0.77,0.137,F,4,0.498,0.655,1,"['Ambient', 'IDM', 'New Age', 'Techno']"
176,2690,76,4geZpMBoSacoU1ikeJwQ6v,Tristan Arp,Foraging Music,Sculpturegardening,2.2474166666666666,119.197,0.646,0.504,0.542,D,4,0.633,0.905,1,"['Ambient', 'IDM', 'New Age', 'Techno']"
177,2699,77,4WPu4QKTxlbTYCmECWdKEi,Tristan Arp,A Clearing (In Empty Space),Sculpturegardening,2.7995,126.715,0.192,0.189,0.0578,E,1,0.956,0.964,1,"['Ambient', 'IDM', 'New Age', 'Techno']"
178,2708,78,0g7znoxJm8727kZmOMNkQU,Tristan Arp,Gypsum,Sculpturegardening,5.231116666666667,99.005,0.4,0.765,0.276,C#,4,0.0347,0.869,1,"['Ambient', 'IDM', 'New Age', 'Techno']"
179,2717,79,0UKmIibASYs1us9TNgLFtT,Tristan Arp,Photosynthesis,Sculpturegardening,2.66875,105.028,0.488,0.691,0.806,B,4,0.867,0.937,1,"['Ambient', 'IDM', 'New Age', 'Techno']"
180,2726,80,5avEoBUtqSwpox6n7hCZyJ,Tristan Arp,Thought Painting,Sculpturegardening,2.6288666666666667,119.987,0.18,0.581,0.252,F#,3,0.957,0.945,1,"['Ambient', 'IDM', 'New Age', 'Techno']"
181,2735,81,7uE3krrBmKd0lrpbLGGvdI,Tristan Arp,Cloud Surface,Sculpturegardening,5.002466666666667,64.868,0.256,0.368,0.0691,G#,4,0.948,0.937,1,"['Ambient', 'IDM', 'New Age', 'Techno']"
182,2744,82,6HmtbuPgCApFCDKPmciwAq,Facta,Sistine (Plucks),Blush,3.4941,170.016,0.281,0.623,0.383,C#,3,0.978,0.514,0,"['Pop Punk', 'Emo']"
183,2752,83,7hNWjvl7amThfh2uiZjoOa,Facta,On Deck,Blush,3.589383333333333,110.015,0.746,0.729,0.55,G,4,0.000851,0.858,1,"['Pop Punk', 'Emo']"
184,2760,84,3Uvj8sUC05x5h6TYSyySZh,Facta,Brushes,Blush,5.4,119.99,0.672,0.635,0.638,C#,4,0.00251,0.852,1,"['Pop Punk', 'Emo']"
185,2768,85,6g97OuEIiJVZebxeh8lZMX,Facta,Verge,Blush,3.8434666666666666,115.005,0.465,0.66,0.503,C#,4,0.0165,0.87,1,"['Pop Punk', 'Emo']"
186,2776,86,7gCSROZqQKO0dbUiBlikyr,Facta,Iso Stream,Blush,3.696,125.021,0.413,0.697,0.0631,G#,4,0.797,0.858,1,"['Pop Punk', 'Emo']"
187,2784,87,6b5Y2qdzMU6X9sK11UXouC,Facta,Diving Birds,Blush,5.488,124.995,0.663,0.864,0.65,G#,4,0.316,0.849,1,"['Pop Punk', 'Emo']"
188,2792,88,0TNvT1nOjUcDpamaWDtSxd,Facta,Blush,Blush,3.9625,160.009,0.393,0.721,0.208,F,4,0.103,0.439,1,"['Pop Punk', 'Emo']"
189,2800,89,4u0BRH8GlwKsLlzQcCsuhX,Facta,Low Bridge (Lights),Blush,2.7704166666666667,110.788,0.188,0.21,0.0307,F#,3,0.966,0.946,1,"['Pop Punk', 'Emo']"
190,2808,90,74zgYTcIO6Nlcg8EQHZr39,Priori,Winged,Your Own Power,3.887783333333333,125.052,0.742,0.332,0.201,F,4,0.0112,0.899,0,"['Techno', 'Downtempo', 'Ambient']"
191,2817,91,2KGCtzDfiBfJ7mMosv7NFZ,Priori,Oyl,Your Own Power,6.861483333333333,124.988,0.885,0.704,0.362,B,4,0.206,0.842,0,"['Techno', 'Downtempo', 'Ambient']"
192,2826,92,0vwoBxbfsBLqyiHzTZcqBt,Priori,Shkrub,Your Own Power,4.242283333333333,140.018,0.51,0.573,0.212,A#,4,0.102,0.751,1,"['Techno', 'Downtempo', 'Ambient']"
193,2835,93,7qjf8JkvdeZMUGwxAM3KAT,Priori,Color Me,Your Own Power,9.0875,125.002,0.591,0.688,0.193,G#,4,0.182,0.899,0,"['Techno', 'Downtempo', 'Ambient']"
194,2844,94,4rLApV04BBR8d6O9nkN5KQ,Priori,2-9-1,Your Own Power,4.617666666666667,132.022,0.796,0.325,0.0434,G,4,0.00283,0.605,1,"['Techno', 'Downtempo', 'Ambient']"
195,2853,95,07gYctjNNwTfbBMkE3wdkh,Priori,The Tower,Your Own Power,3.348316666666667,122.422,0.243,0.287,0.16,A#,3,0.815,0.831,0,"['Techno', 'Downtempo', 'Ambient']"
196,2862,96,4JY72VDxa4D50OerGdD0Oh,Priori,The Village,Your Own Power,5.041816666666667,99.067,0.627,0.359,0.338,F,1,0.162,0.469,0,"['Techno', 'Downtempo', 'Ambient']"
197,2871,97,2sJfJnsqdlHTX8N82Z2Bwp,Priori,Your Own Power,Your Own Power,8.0666,133.989,0.616,0.612,0.216,C#,4,0.683,0.903,1,"['Techno', 'Downtempo', 'Ambient']"
198,2880,98,0iOAGccoiBTs7QKkMJSgUF,Priori,Liminal,Your Own Power,5.4520333333333335,122.632,0.547,0.549,0.208,G#,3,0.711,0.896,1,"['Techno', 'Downtempo', 'Ambient']"
199,2889,99,7FcezWdmM7Js7choX1dIgE,Priori,2see,On A Nimbus,3.172633333333333,167.876,0.374,0.273,0.16,B,4,0.96,0.938,0,"['IDM', 'Techno', 'House', 'Jungle', 'Ambient']"
200,2900,0,2ckXjvmY3dFbiPXGrVE5Kz,Priori,Creative Lizard,On A Nimbus,5.41175,136.025,0.822,0.752,0.869,F,4,0.415,0.904,1,"['IDM', 'Techno', 'House', 'Jungle', 'Ambient']"
201,2911,1,2vQdZhcKIDBE1XgCu0JTxH,Priori,Dreams Of A Digital Sublime,On A Nimbus,4.322566666666667,123.964,0.682,0.552,0.543,C#,4,0.2,0.914,1,"['IDM', 'Techno', 'House', 'Jungle', 'Ambient']"
202,2922,2,64sGtsgxsZxMBPliPP8F3w,Priori,Tech Ne,On A Nimbus,5.125,127.989,0.559,0.619,0.111,A,4,0.517,0.918,0,"['IDM', 'Techno', 'House', 'Jungle', 'Ambient']"
203,2933,3,0Hfw19aEOxMJaEWg0VzQQS,Priori,Critter,On A Nimbus,4.4651,128.979,0.631,0.62,0.697,G,4,0.104,0.765,1,"['IDM', 'Techno', 'House', 'Jungle', 'Ambient']"
204,2944,4,19fADSsjfLmiIp65fYsCrJ,Priori,On A Nimbus,On A Nimbus,7.2258,93.948,0.574,0.613,0.151,D#,4,0.176,0.924,0,"['IDM', 'Techno', 'House', 'Jungle', 'Ambient']"
205,2955,5,3yrkj1Rb2hPO6kPBJG24oG,Priori,6thematic,On A Nimbus,6.322566666666667,123.976,0.493,0.725,0.727,D,4,0.453,0.877,0,"['IDM', 'Techno', 'House', 'Jungle', 'Ambient']"
206,2966,6,25teNOu3NtSvbsLG9VhQMC,Priori,Afterburn,On A Nimbus,6.933333333333334,135.001,0.506,0.604,0.0834,C#,4,0.115,0.9,1,"['IDM', 'Techno', 'House', 'Jungle', 'Ambient']"
207,2977,7,2QWohzWhyL4oYHHq7HZIfq,Priori,4see,On A Nimbus,4.571416666666667,126.057,0.959,0.802,0.81,B,4,0.131,0.932,0,"['IDM', 'Techno', 'House', 'Jungle', 'Ambient']"
208,2988,8,0Z18kAN2S2IHFmJpAW7lIT,Priori,Eh-Poh-Ne,On A Nimbus,5.008683333333333,115.004,0.705,0.737,0.633,C#,4,0.0165,0.873,1,"['IDM', 'Techno', 'House', 'Jungle', 'Ambient']"
209,2999,9,4OwojvrYF0bem78Pe9Xp0d,Priori,Ani Ma,On A Nimbus,4.463766666666666,138.011,0.667,0.714,0.962,A#,4,0.0553,0.849,0,"['IDM', 'Techno', 'House', 'Jungle', 'Ambient']"
210,3010,10,0zKvWsZYll1fcjqnnc7Gvb,Aloka,K1,K1 / K2,3.6166666666666663,136.019,0.693,0.651,0.125,B,4,0.00576,0.874,0,['Drum n Bass']
211,3012,11,616pK3dZkvXqFOmFz7xgJY,Aloka,K2,K1 / K2,3.815383333333333,130.037,0.992,0.763,0.172,B,4,0.00842,0.884,1,['Drum n Bass']
212,3014,12,6AkLVSw6bfd1qulKjVZ8A6,Perko,Intro,The City Rings,0.58625,190.137,0.862,0.0951,0.0388,D,4,0.924,0.974,0,"['Experimental', 'Dubstep', 'Electro', 'Drum n Bass', 'Breaks']"
213,3022,13,3w2HposkRncXo5Ip7IVj6U,Perko,Stutter,The City Rings,4.1894,145.993,0.632,0.7,0.389,B,4,0.136,0.779,1,"['Experimental', 'Dubstep', 'Electro', 'Drum n Bass', 'Breaks']"
214,3030,14,6pCms8khEiqrjnWME9UaWt,Perko,Grounds,The City Rings,1.9768666666666668,129.841,0.111,0.164,0.121,C#,5,0.968,0.977,0,"['Experimental', 'Dubstep', 'Electro', 'Drum n Bass', 'Breaks']"
215,3038,15,3C7liMzscXECjFP5zAvUpc,Perko,Luna,The City Rings,1.6064666666666667,109.768,0.117,0.3,0.235,A,3,0.953,0.953,1,"['Experimental', 'Dubstep', 'Electro', 'Drum n Bass', 'Breaks']"
216,3046,16,5mSjGlWu7HfHqIyunVpL6a,Perko,The Reason,The City Rings,4.282916666666667,165.002,0.945,0.663,0.535,A#,4,0.0182,0.92,0,"['Experimental', 'Dubstep', 'Electro', 'Drum n Bass', 'Breaks']"
217,3054,17,1QSdI3sSXXVVaY1OuHeTnN,Perko,Pippin (Version),The City Rings,4.031366666666667,184.032,0.171,0.131,0.034,B,5,0.837,0.533,0,"['Experimental', 'Dubstep', 'Electro', 'Drum n Bass', 'Breaks']"
218,3062,18,36Rlx27Q8i9a51YdZqy3Yb,Perko,Pippin,The City Rings,3.8740666666666663,75.992,0.667,0.604,0.096,A#,4,0.00638,0.847,0,"['Experimental', 'Dubstep', 'Electro', 'Drum n Bass', 'Breaks']"
219,3070,19,7ozykIVS8NkqHwhBSEXBok,Perko,Outro,The City Rings,1.0790666666666666,106.898,0.883,0.193,0.0195,G,4,0.737,0.902,1,"['Experimental', 'Dubstep', 'Electro', 'Drum n Bass', 'Breaks']"
220,3078,20,7sYMvYKyP6Gc9SAZNZW1UO,Simo Cell,Short Leg,YES.DJ,6.078416666666667,102.005,0.56,0.566,0.0379,G,4,0.00209,0.911,1,"['Techno', 'Electro', 'Breaks', 'Dubstep']"
221,3084,21,65aKIK2GRSTlDSH4ieN965,Simo Cell,Farts,YES.DJ,2.3025,141.994,0.447,0.832,0.174,C#,4,0.00369,0.687,1,"['Techno', 'Electro', 'Breaks', 'Dubstep']"
222,3090,22,4eVvdiBVL7Yn6AELM891ro,Simo Cell,Yes.DJ,YES.DJ,4.890016666666667,150.008,0.611,0.678,0.458,C#,4,2.05e-05,0.858,0,"['Techno', 'Electro', 'Breaks', 'Dubstep']"
223,3096,23,7oL8yDVzpJVUd2LozdvQHU,Simo Cell,Whispers,YES.DJ,4.275,137.02,0.63,0.768,0.319,C#,4,0.000114,0.927,1,"['Techno', 'Electro', 'Breaks', 'Dubstep']"
224,3102,24,1ekCDVsebFQrwbGeW384OC,Simo Cell,Cegetel,YES.DJ,5.910116666666666,133.339,0.756,0.791,0.0785,B,4,0.0136,0.919,0,"['Techno', 'Electro', 'Breaks', 'Dubstep']"
225,3108,25,50CcEcakEYAFaPlNY57Ku2,Simo Cell,Not All It's Cracked up to Be,YES.DJ,6.7497,102.029,0.449,0.675,0.0502,C#,4,0.00488,0.579,1,"['Techno', 'Electro', 'Breaks', 'Dubstep']"
226,3114,26,3jWZXDktZVgDelnDJx9DtO,Forest Drive West,Creation Dub,Parallel Space EP,5.88245,186.001,0.699,0.67,0.704,E,4,0.338,0.822,1,['Dub Techno']
227,3118,27,5fnHLgiqw35Dn1oRuaLDBU,Forest Drive West,Drift,Parallel Space EP,6.45035,120.846,0.578,0.419,0.199,E,4,0.262,0.935,0,['Dub Techno']
228,3122,28,4LEL7awuDP5GIZ8QrRhu3Z,Forest Drive West,Parallel Space,Parallel Space EP,6.704533333333333,126.003,0.676,0.562,0.152,E,4,0.0841,0.81,0,['Dub Techno']
229,3126,29,1jcELDwu4BADKjLljG05vz,Forest Drive West,Parallel Space - Conforce Remix,Parallel Space EP,8.299666666666667,133.001,0.647,0.469,0.149,B,4,0.0277,0.846,0,['Dub Techno']
230,3130,30,2WfQ9EaXnxrXVpMT07Z6Ny,Gigi Masin,Calypso,Calypso,5.9,120.006,0.576,0.518,0.612,C,4,0.893,0.979,1,['Calypso']
231,3146,31,1mba8QsgxhCPkVYqlEmT5D,Gigi Masin,Bellamore,Calypso,4.483333333333333,76.994,0.442,0.482,0.528,B,4,0.562,0.935,1,['Calypso']
232,3162,32,0sDRovI2A0H8XSkBfFeB3g,Gigi Masin,Nefertiti,Calypso,6.175,71.859,0.29,0.105,0.276,C,3,0.39,0.938,0,['Calypso']
233,3178,33,0zX88bvWr5N9yXmHpsylhB,Gigi Masin,If,Calypso,4.466666666666667,65.202,0.19,0.0699,0.229,A,3,0.0188,0.502,0,['Calypso']
234,3194,34,4IvgcA6irm87kEQnuZQPrn,Gigi Masin,Anemone,Calypso,4.066666666666666,160.111,0.378,0.424,0.263,F#,4,0.53,0.945,0,['Calypso']
235,3210,35,6q3eZzHB6oqh1IHRHjaZQ6,Gigi Masin,Khalifa Golf Club,Calypso,6.191666666666666,89.922,0.29,0.522,0.838,G#,4,0.873,0.957,0,['Calypso']
236,3226,36,5MyLAPTCbg5H7VxW99qTq4,Gigi Masin,Mayo Slide,Calypso,4.458333333333333,174.024,0.321,0.611,0.348,A,4,0.781,0.922,0,['Calypso']
237,3242,37,3R6fle7yOMueQZGgCJwSRw,Gigi Masin,Susan Maybe,Calypso,7.733333333333333,81.381,0.29,0.253,0.364,A,4,0.65,0.791,0,['Calypso']
238,3258,38,06vUpg7SL5QxqjAnG6oaBi,Gigi Masin,Amaranta,Calypso,4.133333333333334,76.781,0.279,0.23,0.172,A,4,0.981,0.876,0,['Calypso']
239,3274,39,7vDdXvLzn0ogNQMxfdxboQ,Gigi Masin,Coraline,Calypso,5.675,82.786,0.546,0.444,0.55,A#,4,0.855,0.724,1,['Calypso']
240,3290,40,4GDjGs6s64cIpF4bbtp8Kv,Gigi Masin,How to Disappear in a Kiss,Calypso,7.016666666666667,119.992,0.556,0.32,0.4,C#,4,0.647,0.964,1,['Calypso']
241,3306,41,6J6x5zTSinuRGnd2owbC0c,Gigi Masin,Cry Winds or Flames,Calypso,4.225,109.727,0.248,0.162,0.0696,B,3,0.925,0.911,0,['Calypso']
242,3322,42,0pzl0Q9EepcmwhHg6UIeAK,Gigi Masin,Enter Venus,Calypso,4.333333333333333,154.011,0.657,0.573,0.912,G,4,0.061,0.796,1,['Calypso']
243,3338,43,2PA7rbuu4IDAbFAofjBI9W,Gigi Masin,On Demons and Diamonds,Calypso,7.125,133.618,0.165,0.269,0.0341,B,5,0.826,0.639,1,['Calypso']
244,3354,44,4sWjRUO2SkdnusQQOZYcjo,Gigi Masin,The Water Sibyl,Calypso,7.66875,115.992,0.469,0.582,0.326,A#,4,0.823,0.857,1,['Calypso']
245,3370,45,755WrjmPf8yE0unL67dsI6,Gigi Masin,Your Name Is My Infinite,Calypso,3.033333333333333,82.253,0.245,0.291,0.394,G#,5,0.868,0.869,1,['Calypso']
246,3386,46,0hATWrfH3nF73WjsgbLe2N,Leif,Igam-Ogam,Igam-Ogam EP,5.64445,126.015,0.783,0.634,0.802,C,4,0.117,0.859,1,"['Ambient', 'House']"
247,3389,47,5enngFJXRim7Ms7TgDBcGN,Leif,First Image,Igam-Ogam EP,6.046033333333333,136.0,0.839,0.765,0.963,G,4,0.386,0.858,1,"['Ambient', 'House']"
248,3392,48,5Z7Mb4OLhFY2RqbjyzHcpo,Leif,Seeker,Igam-Ogam EP,5.619116666666667,110.003,0.988,0.792,0.0421,G,3,0.289,0.875,1,"['Ambient', 'House']"
249,3395,49,7IoTJTq8jD0xqwkIP6KZmB,Overmono,iii's Front,Whities 019,6.5103,132.994,0.975,0.743,0.258,D,4,0.109,0.874,1,"['Techno', 'Drum n Bass']"
250,3398,50,1UgSaXRBhEY8EsCbXcnfSS,Overmono,Quadraluv,Whities 019,6.946366666666667,136.022,0.618,0.669,0.2,C,4,0.832,0.892,1,"['Techno', 'Drum n Bass']"
251,3401,51,4Nuc32bQfRt02C2xHTeURz,Overmono,Yell0W_Tail,Whities 019,4.760283333333334,130.002,0.693,0.765,0.47,D,4,0.0203,0.83,1,"['Techno', 'Drum n Bass']"
252,3404,52,2C9FXEmMRN1sq3O7OaJrk5,Al Wootton,Ender,Snake Dance EP,4.6496,88.619,0.862,0.471,0.471,A#,4,0.00226,0.922,0,"['Techno', 'UK Garage', 'Dub']"
253,3408,53,3gRheTN801fP6lUGEP6wYS,Al Wootton,Revin,Snake Dance EP,6.1984,129.998,0.883,0.736,0.6,D,4,0.00119,0.889,1,"['Techno', 'UK Garage', 'Dub']"
254,3412,54,40LSoo0IxSs9Qq1w561iCW,Al Wootton,Snake Dance,Snake Dance EP,6.095233333333334,89.442,0.785,0.423,0.333,C#,3,0.000297,0.92,0,"['Techno', 'UK Garage', 'Dub']"
255,3416,55,0A7LVo7FE5YkLwPv1k0vj5,Al Wootton,Lerzin,Snake Dance EP,4.962433333333333,134.95,0.95,0.788,0.517,C#,4,0.0014,0.89,1,"['Techno', 'UK Garage', 'Dub']"
256,3420,56,7t3oFwCRo1945kEinn68mm,Al Wootton,Come Close,Witness,3.2997666666666667,157.922,0.853,0.739,0.965,E,4,0.0139,0.49,0,"['Dance-pop', 'Synth-pop', 'House', 'Trap', 'Minimal', 'Pop Rap']"
257,3428,57,3wIKETB1sJxUTC9aizEgMg,Al Wootton,Witness,Witness,5.7331,139.998,0.68,0.735,0.166,G,4,0.0519,0.905,1,"['Dance-pop', 'Synth-pop', 'House', 'Trap', 'Minimal', 'Pop Rap']"
258,3436,58,1XFBemxARiSOUFOEbiVtq0,Al Wootton,Gloamer,Witness,5.6,140.025,0.738,0.714,0.273,A,4,0.133,0.876,0,"['Dance-pop', 'Synth-pop', 'House', 'Trap', 'Minimal', 'Pop Rap']"
259,3444,59,3jPFImxA4Hrh5NgpQjPgFC,Al Wootton,Over,Witness,4.866883333333333,134.998,0.615,0.704,0.551,E,4,0.0375,0.88,0,"['Dance-pop', 'Synth-pop', 'House', 'Trap', 'Minimal', 'Pop Rap']"
260,3452,60,1JawERoM846pJC7VlVNAh0,Al Wootton,Sema,Witness,3.5664333333333333,164.997,0.668,0.584,0.365,A,4,0.562,0.901,0,"['Dance-pop', 'Synth-pop', 'House', 'Trap', 'Minimal', 'Pop Rap']"
261,3460,61,0NHc8wNr1mxYOlLk9g12qe,Al Wootton,A Clean Heart,Witness,3.866433333333333,126.0,0.715,0.78,0.255,E,4,0.00532,0.784,0,"['Dance-pop', 'Synth-pop', 'House', 'Trap', 'Minimal', 'Pop Rap']"
262,3468,62,2X1O4n8I87l9ytaywwkpOh,Al Wootton,Starlite Xpress,Witness,4.9671,135.001,0.73,0.67,0.173,A,4,0.0372,0.864,0,"['Dance-pop', 'Synth-pop', 'House', 'Trap', 'Minimal', 'Pop Rap']"
263,3476,63,7F9HPXwds5Mk2TYExxnpCM,Al Wootton,Cephas,Witness,5.687766666666667,135.0,0.712,0.612,0.0531,A,4,0.00214,0.926,0,"['Dance-pop', 'Synth-pop', 'House', 'Trap', 'Minimal', 'Pop Rap']"
264,3484,64,0lEWGkoTpIJPbxXf2jcjx1,Otik,Wetlands,Wetlands,6.287816666666667,128.013,0.915,0.643,0.62,B,4,0.000798,0.95,0,['Techno']
265,3488,65,70YuynVbT0IFUGIiWPM4df,Otik,Clairvoyant,Wetlands,7.989316666666666,128.01,0.915,0.484,0.0794,C,4,0.0751,0.372,1,['Techno']
266,3492,66,29ZRHauhLZ92P8qhbCMXuq,Otik,Gravel,Wetlands,5.671133333333334,123.995,0.847,0.728,0.0288,G,4,2.04e-05,0.937,1,['Techno']
267,3496,67,35pintxpATZWAa1Vk8eJhD,Otik,Whole Wide Worlds,Wetlands,6.832816666666667,127.93,0.98,0.431,0.245,C,4,0.000744,0.926,1,['Techno']
268,3500,68,0l6acwkMvrn2mitwpLEXhs,Joy Orbison,Burn,Slipping,5.523316666666667,133.002,0.621,0.626,0.394,G,4,0.0391,0.779,1,"['House', 'Bass Music', 'UK Garage', 'Downtempo']"
269,3506,69,73cUHonxziHGHcflZ5Ub5z,Joy Orbison,Under,Slipping,3.1021,68.57,0.4,0.479,0.688,B,3,0.491,0.0941,0,"['House', 'Bass Music', 'UK Garage', 'Downtempo']"
270,3512,70,6t4sGge1hiSMRiXXqMQ53u,Joy Orbison,w Dad,Slipping,1.8662166666666664,105.443,0.356,0.38,0.122,G#,1,0.814,0.336,1,"['House', 'Bass Music', 'UK Garage', 'Downtempo']"
271,3518,71,4GeZbQOxAcWuwrvFIC546u,Joy Orbison,Breathe In,Slipping,5.1616333333333335,171.221,0.495,0.666,0.336,C,4,0.0071,0.141,1,"['House', 'Bass Music', 'UK Garage', 'Downtempo']"
272,3524,72,58a0PL8JFoyLpGB4yZhwZd,Joy Orbison,Walworth Waltz,Slipping,3.2832833333333333,125.019,0.665,0.623,0.485,F#,4,0.799,0.000425,1,"['House', 'Bass Music', 'UK Garage', 'Downtempo']"
273,3530,73,7wmcHEZoSUJcUv8ANVjYyK,Joy Orbison,Yl She's Away,Slipping,5.766666666666667,135.018,0.441,0.721,0.124,F,4,0.201,0.749,0,"['House', 'Bass Music', 'UK Garage', 'Downtempo']"
274,3536,74,7FIIj97V1a3kA24hwDsgIv,Daniel Avery,First Light,Song for Alpha,1.6357666666666666,88.333,0.0332,0.126,0.0319,F,4,0.996,0.87,1,"['Acid', 'Acid House', 'Tech House', 'Ambient']"
275,3550,75,5fbsszPEEpIyyAF6IfjqBA,Daniel Avery,Stereo L,Song for Alpha,5.66,96.985,0.615,0.264,0.457,G,4,0.157,0.0395,1,"['Acid', 'Acid House', 'Tech House', 'Ambient']"
276,3564,76,6z7yr9JIHvshiimiRgyG0k,Daniel Avery,Projector,Song for Alpha,5.236433333333333,153.935,0.717,0.301,0.117,A,5,0.0724,0.857,1,"['Acid', 'Acid House', 'Tech House', 'Ambient']"
277,3578,77,5Ob5cquD1xVh6JiHj1fKVH,Daniel Avery,TBW17,Song for Alpha,1.15155,74.099,0.252,0.299,0.0565,C,4,0.98,0.83,1,"['Acid', 'Acid House', 'Tech House', 'Ambient']"
278,3592,78,0KehLcacJhme8Oh5VkQWJN,Daniel Avery,Sensation,Song for Alpha,7.554216666666667,123.504,0.636,0.608,0.143,A#,4,0.0156,0.717,1,"['Acid', 'Acid House', 'Tech House', 'Ambient']"
279,3606,79,5A787n0TcaM3rwx3aHkPIN,Daniel Avery,Citizen // Nowhere,Song for Alpha,3.6248833333333335,109.961,0.847,0.563,0.59,C#,4,0.123,0.957,1,"['Acid', 'Acid House', 'Tech House', 'Ambient']"
280,3620,80,1WZE4QdOfxtx1pIbZGbDqN,Daniel Avery,Clear,Song for Alpha,5.556883333333333,123.012,0.939,0.335,0.0463,C#,4,0.00146,0.872,1,"['Acid', 'Acid House', 'Tech House', 'Ambient']"
281,3634,81,4GAchWZeoDCOAQnrvANpl9,Daniel Avery,Diminuendo,Song for Alpha,7.005333333333334,125.002,0.825,0.578,0.0858,E,4,0.000433,0.89,0,"['Acid', 'Acid House', 'Tech House', 'Ambient']"
282,3648,82,3eo7EWBXEcqCSxcTl0su85,Daniel Avery,Days From Now,Song for Alpha,2.7506666666666666,180.014,0.0138,0.371,0.0373,D,5,0.989,0.962,0,"['Acid', 'Acid House', 'Tech House', 'Ambient']"
283,3662,83,6o99gibSL6MSRuaT4IXmt0,Daniel Avery,Embers,Song for Alpha,1.9237666666666664,76.332,0.381,0.21,0.0454,C#,3,0.994,0.957,0,"['Acid', 'Acid House', 'Tech House', 'Ambient']"
284,3676,84,2AfaQgYVIQaI4DrwlEs9Yl,Daniel Avery,Slow Fade,Song for Alpha,5.538666666666667,92.993,0.687,0.411,0.139,A,4,0.00286,0.898,0,"['Acid', 'Acid House', 'Tech House', 'Ambient']"
285,3690,85,50H0kB9AhvK6bkIpKVudhj,Daniel Avery,Glitter,Song for Alpha,6.701333333333333,114.992,0.472,0.585,0.0758,C#,4,0.0171,0.00536,1,"['Acid', 'Acid House', 'Tech House', 'Ambient']"
286,3704,86,0jXUSDtZMu0aR5XeXK49Zt,Daniel Avery,Endnote,Song for Alpha,0.14,0.0,0.0264,0.0,0.0,D,0,0.97,0.998,1,"['Acid', 'Acid House', 'Tech House', 'Ambient']"
287,3718,87,73MA3jr3apEfNWt1iUob1W,Daniel Avery,Quick Eternity,Song for Alpha,8.598216666666668,125.97,0.637,0.464,0.107,B,4,0.805,0.89,1,"['Acid', 'Acid House', 'Tech House', 'Ambient']"
288,3732,88,7o5RdK16mSz3dT1ZuK33Zc,Perko,Sky Host,NV Auto,2.520833333333333,217.566,0.381,0.45,0.151,G#,3,0.987,0.926,0,"['Ambient', 'Breakbeat', 'Techno']"
289,3739,89,7Ac58wqJHP7YeSvmlaLpaw,Perko,Rounded,NV Auto,5.733266666666666,137.994,0.789,0.63,0.766,B,4,0.0699,0.821,0,"['Ambient', 'Breakbeat', 'Techno']"
290,3746,90,0OzzvBTsKxMk1E3zQUh4kK,Perko,What Otters,NV Auto,5.0,129.938,0.749,0.863,0.686,F,4,0.336,0.932,0,"['Ambient', 'Breakbeat', 'Techno']"
291,3753,91,5Tz6zFRAfu6602N9A3nN63,Perko,Grace,NV Auto,5.13575,128.018,0.839,0.523,0.139,C#,4,0.849,0.948,1,"['Ambient', 'Breakbeat', 'Techno']"
292,3760,92,7AukYT8M26yWwyc5CWEFqa,Perko,Songbirds,NV Auto,6.858333333333333,144.001,0.846,0.73,0.168,E,4,0.00168,0.902,1,"['Ambient', 'Breakbeat', 'Techno']"
293,3767,93,0XLCACphA7XwJzIVs11u1R,Perko,Polly,NV Auto,3.1278166666666665,132.767,0.147,0.194,0.128,C#,4,0.908,0.848,1,"['Ambient', 'Breakbeat', 'Techno']"
294,3774,94,7v5rkoVS3eRh4qEH72mjo3,Perko,Water Memory,NV Auto,3.8,115.34,0.195,0.524,0.382,C#,4,0.989,0.925,0,"['Ambient', 'Breakbeat', 'Techno']"
