,n_track,set_section,artist,track,set_name,song_id,album,duration,tempo,energy,danceability,valence,key,time_signature,acousticness,instruentalness,mode,na
125,1,1,Bonobo,Cirrus,2012-02-08 - Bonobo @ Boiler Room 77 - Ninja Tune Takeover,2lJ4d8MCT6ZlDRHKJ1br14,The North Borders,5.8707666666666665,119.042,0.844,0.64,0.364,2,4,0.395,0.933,0,False
126,2,1,Eliphino,More Than Me,2012-02-08 - Bonobo @ Boiler Room 77 - Ninja Tune Takeover,20ieXcjQBv4ePXkWxhvKPV,More Than Me,7.019933333333333,117.994,0.714,0.851,0.414,9,4,0.00383,0.38,0,False
127,3,1,FaltyDL,Straight And Arrow,2012-02-08 - Bonobo @ Boiler Room 77 - Ninja Tune Takeover,7G2ws9VEzcZk51nnp4xuYu,Straight & Arrow,3.4643333333333333,130.038,0.723,0.791,0.132,8,4,0.00106,0.767,1,False
128,4,1,Rocketnumbernine,Matthew And Toby (Four Tet Remix),2012-02-08 - Bonobo @ Boiler Room 77 - Ninja Tune Takeover,6KuF6uqMIvaafrF1LCWcEg,Dubfire - A Transmission,9.784,125.007,0.483,0.744,0.281,7,4,0.572,0.94,1,False
129,5,1,Bonobo,Sapphire,2012-02-08 - Bonobo @ Boiler Room 77 - Ninja Tune Takeover,1d5hX0RYHcDM4aHJHSm5cr,The North Borders,4.795466666666667,135.024,0.631,0.641,0.0549,0,4,0.048,0.612,0,False
130,6,1,Dauwd,What's There,2012-02-08 - Bonobo @ Boiler Room 77 - Ninja Tune Takeover,3XxUrQjvqK1J6ApLK7E8G0,What's There,6.403433333333333,131.035,0.669,0.682,0.336,4,4,0.0295,0.84,0,False
131,7,1,Bonobo,Kiara (Cosmin TRG Remix),2012-02-08 - Bonobo @ Boiler Room 77 - Ninja Tune Takeover,0u3FUbLBZPhjD3NRc2ys3R,Black Sands Remixed,5.093333333333334,124.987,0.892,0.593,0.1,2,4,0.0112,0.905,1,False
132,8,1,Throwing Snow,Pyre,2012-02-08 - Bonobo @ Boiler Room 77 - Ninja Tune Takeover,3pXQeUeMYYxdBouICpd0L2,Too Polite - EP,5.230566666666666,131.009,0.526,0.803,0.105,9,4,0.0545,0.827,0,False
133,9,1,Floating Points,ARP3,2012-02-08 - Bonobo @ Boiler Room 77 - Ninja Tune Takeover,18A3Au2LzZ8bRqrDUjyVlJ,Shadows,9.346833333333333,124.943,0.596,0.824,0.27,5,4,0.0372,0.918,0,False
134,10,1,Bonobo,All In Forms (Mike Slott Remix),2012-02-08 - Bonobo @ Boiler Room 77 - Ninja Tune Takeover,1h6ehMY0dFxzZmwCnZF6qX,Black Sands Remixed,5.432883333333334,77.578,0.633,0.313,0.111,9,4,0.0821,0.822,1,False
135,11,1,Bonobo Feat. Triana,Eyesdown (Machinedrum Remix),2012-02-08 - Bonobo @ Boiler Room 77 - Ninja Tune Takeover,,,,,,,,,,,,,True
136,12,1,Mosca,Bax,2012-02-08 - Bonobo @ Boiler Room 77 - Ninja Tune Takeover,4x0WzGuKSqZkDKi0N69CLd,Done Me Wrong / Bax,5.552233333333334,134.023,0.733,0.788,0.8,11,4,0.000754,0.882,0,False
224,1,1,Dustin O'Halloran,An Ending A Beginning,"2013-12-08 - Bonobo - Liquid Radio, FM4",321kAwKSTFjsQznjLpbfD9,Other Lights,2.1462166666666667,137.125,0.226,0.277,0.222,3,4,0.977,0.897,1,False
225,2,1,Khruangbin,A Calf Born In Winter,"2013-12-08 - Bonobo - Liquid Radio, FM4",230tKtsKM3eigmK2CtssAO,A Calf Born in Winter,3.4837333333333333,82.616,0.393,0.513,0.513,2,4,0.563,0.894,1,False
226,3,1,Bonobo,Get Thy Bearings,"2013-12-08 - Bonobo - Liquid Radio, FM4",6tqAkUVWAjqTzT363IzgCw,Late Night Tales: Bonobo,3.098133333333333,75.926,0.553,0.4,0.453,4,4,0.736,0.365,0,False
227,4,1,Darondo,Didn't I,"2013-12-08 - Bonobo - Liquid Radio, FM4",,,,,,,,,,,,,True
228,5,1,Nina Simone,Baltimore,"2013-12-08 - Bonobo - Liquid Radio, FM4",39CyGKIFqMzSuynOR8uilD,Baltimore,4.647766666666667,154.955,0.28,0.638,0.734,9,4,0.417,0.439,1,False
229,6,1,Hypnotic Brass Ensemble,Flipside,"2013-12-08 - Bonobo - Liquid Radio, FM4",73CtQ5mEQOarDjZfRdJ454,Hypnotic Brass Ensemble,4.880883333333333,95.931,0.555,0.717,0.943,1,4,0.231,0.82,1,False
230,7,1,Menehan Street Band,The Traitor,"2013-12-08 - Bonobo - Liquid Radio, FM4",,,,,,,,,,,,,True
231,8,1,Andrew Ashong & Theo Parrish,Flowers,"2013-12-08 - Bonobo - Liquid Radio, FM4",3jYzcHvW4k6Lrfm6fj87Rn,Flowers,8.871883333333333,96.019,0.578,0.824,0.89,9,4,0.264,0.00542,0,False
232,9,1,Romare,Down The Line (It Takes A Number),"2013-12-08 - Bonobo - Liquid Radio, FM4",4CjEkkRMMKY2ROy21bFNrc,Meditations on Afrocentrism,4.2449666666666666,88.009,0.374,0.79,0.325,6,4,0.839,0.864,1,False
233,10,1,Shlohmo,Places,"2013-12-08 - Bonobo - Liquid Radio, FM4",3RN6IMCkcJr44Xm7tdWWaK,Bad Vibes,5.036833333333333,85.221,0.469,0.356,0.23,6,4,0.36,0.881,0,False
234,11,1,Lapalux,Gutter Glitter,"2013-12-08 - Bonobo - Liquid Radio, FM4",62GRlzq2rRHmWyA0NGBjji,Late Night Tales: Bonobo,4.008116666666667,109.284,0.82,0.445,0.0654,8,4,0.0284,0.00978,1,False
235,12,1,The Invisible,Wings (Floating Points Remix),"2013-12-08 - Bonobo - Liquid Radio, FM4",3IZYPSWzd185KQlI4XxSc5,Late Night Tales: Bonobo,7.38145,112.006,0.557,0.661,0.106,1,4,0.0266,0.803,0,False
236,13,1,Badbadnotgood,Hedron,"2013-12-08 - Bonobo - Liquid Radio, FM4",10lGufP5RmCsUwKDTcPpxs,Late Night Tales: Bonobo,5.864583333333333,151.437,0.639,0.43,0.171,3,4,0.132,0.942,0,False
237,14,1,Matthew Bourne,VIII. Juliet,"2013-12-08 - Bonobo - Liquid Radio, FM4",0ShPQnUeQ3hvm4yy2iLu4b,Montauk Variations,3.3455333333333335,86.85,0.0739,0.11,0.0617,0,4,0.992,0.834,0,False
238,15,1,Airhead,South Congress,"2013-12-08 - Bonobo - Liquid Radio, FM4",41SOMdIWIp1lRaDV5TaBuV,Late Night Tales: Bonobo,3.8987666666666665,138.012,0.577,0.639,0.171,0,4,0.0997,0.921,1,False
239,16,1,Matthew Halsall,Sailing Out To Sea,"2013-12-08 - Bonobo - Liquid Radio, FM4",5njhXZhWNjrSsVAtoV1MHm,Fletcher Moss Park,1.5175833333333333,81.03,0.247,0.179,0.0385,5,4,0.576,0.115,1,False
240,17,1,Dorothy Ashby,Essence Of Sapphire,"2013-12-08 - Bonobo - Liquid Radio, FM4",13PqmoiHO8rzblmaNFHY4g,Late Night Tales: Bonobo,3.2012666666666667,84.621,0.397,0.383,0.555,4,3,0.803,0.822,0,False
241,18,1,Peter & Kerry,One Thing,"2013-12-08 - Bonobo - Liquid Radio, FM4",6xrjiQlZMCDp2sDJhW2v6e,Late Night Tales: Bonobo,3.5166166666666667,131.051,0.504,0.288,0.268,4,1,0.0867,0,0,False
242,19,1,Eddi Front,Gigantic,"2013-12-08 - Bonobo - Liquid Radio, FM4",5aUSvA28D0KW8L9Hg78O7L,EDDI FRONT,3.3738333333333332,81.001,0.119,0.379,0.0376,11,3,0.912,0.117,1,False
360,1,1,Bonobo Feat. Andreya Triana,Eyesdown (Intro),"2014-04-06 - Bonobo (Live PA) - Fireside Chat, RBMA Radio",,,,,,,,,,,,,True
361,2,1,Bonobo,Scuba,"2014-04-06 - Bonobo (Live PA) - Fireside Chat, RBMA Radio",5xx5pOStfJ1F67wC4u0MsW,Bonobo: One Offs... Remixes & B Sides,4.376216666666667,102.822,0.707,0.409,0.397,5,4,0.0316,0.797,0,False
362,3,1,Bonobo,Kota,"2014-04-06 - Bonobo (Live PA) - Fireside Chat, RBMA Radio",64IMhkiT7RbtjEtMVqL1Z9,Animal Magic,5.418216666666667,112.009,0.61,0.744,0.364,5,4,0.215,0.894,0,False
363,4,1,Bonobo,Terrapin,"2014-04-06 - Bonobo (Live PA) - Fireside Chat, RBMA Radio",4G6ra5sanRGP2PWNw0FESC,Animal Magic,4.6391,152.011,0.327,0.551,0.0391,10,4,0.784,0.936,1,False
364,5,1,Bonobo,Flutter,"2014-04-06 - Bonobo (Live PA) - Fireside Chat, RBMA Radio",5K8WNrf5JvmBE6O0MbSRuJ,Dial 'M' for Monkey,4.738,103.005,0.644,0.605,0.747,9,4,0.00379,0.202,0,False
365,6,1,Bonobo,Nothing Owed,"2014-04-06 - Bonobo (Live PA) - Fireside Chat, RBMA Radio",6VhlABJh5uaZOpyyi5wute,Dial 'M' for Monkey,6.27555,90.007,0.414,0.641,0.269,11,4,0.362,0.833,0,False
366,7,1,Bonobo Feat. Bajka,Nightlite,"2014-04-06 - Bonobo (Live PA) - Fireside Chat, RBMA Radio",,,,,,,,,,,,,True
367,8,1,Bonobo Feat. Andreya Triana,Eyesdown,"2014-04-06 - Bonobo (Live PA) - Fireside Chat, RBMA Radio",,,,,,,,,,,,,True
368,9,1,Bonobo,Black Sands,"2014-04-06 - Bonobo (Live PA) - Fireside Chat, RBMA Radio",6uoM7KHsyJsHZqBQHKjQbc,Black Sands,6.816,87.989,0.499,0.525,0.338,0,3,0.732,0.936,0,False
369,10,1,Bonobo Feat. Erykah Badu,Heaven For The Sinner,"2014-04-06 - Bonobo (Live PA) - Fireside Chat, RBMA Radio",,,,,,,,,,,,,True
370,11,1,Bonobo,Cirrus,"2014-04-06 - Bonobo (Live PA) - Fireside Chat, RBMA Radio",2lJ4d8MCT6ZlDRHKJ1br14,The North Borders,5.8707666666666665,119.042,0.844,0.64,0.364,2,4,0.395,0.933,0,False
371,12,1,Bonobo Feat. Szjerdene,Get Thy Bearings,"2014-04-06 - Bonobo (Live PA) - Fireside Chat, RBMA Radio",6tqAkUVWAjqTzT363IzgCw,Late Night Tales: Bonobo,3.098133333333333,75.926,0.553,0.4,0.453,4,4,0.736,0.365,0,False
372,13,1,Bonobo,Recurring,"2014-04-06 - Bonobo (Live PA) - Fireside Chat, RBMA Radio",0tXU2cpXxXysj6jg4vSUbv,Days To Come,4.868433333333333,116.252,0.649,0.366,0.481,7,4,0.154,0.941,1,False
373,14,1,Nostalgia 77,Quiet Dawn (Bonobo Remix),"2014-04-06 - Bonobo (Live PA) - Fireside Chat, RBMA Radio",4d89Meb1gzNeMEWRRCXuyU,Quiet Dawn,7.1351,115.018,0.476,0.8,0.899,4,4,0.0095,0.647,0,False
374,1,1,Intro,Quiet Dawn (Bonobo Remix),2014-04-12 - Bonobo - Essential Mix,4d89Meb1gzNeMEWRRCXuyU,Quiet Dawn,7.1351,115.018,0.476,0.8,0.899,4,4,0.0095,0.647,0,False
375,2,1,Vangelis,Abraham's Theme,2014-04-12 - Bonobo - Essential Mix,463b8SF7KXrU5oqHgZKSOc,Chariots Of Fire (Original Motion Picture Soundtrack / Remastered),3.3411,72.839,0.0196,0.239,0.0326,9,4,0.869,0.761,1,False
376,3,1,Bonobo,Don't Wait,2014-04-12 - Bonobo - Essential Mix,,,,,,,,,,,,,True
377,4,1,Letherette,D&T (Dorian Concept Remix),2014-04-12 - Bonobo - Essential Mix,52xJxFP6TqMuO4Yt0eOkMz,Encanto (Original Motion Picture Soundtrack),3.602,205.863,0.45,0.577,0.83,0,4,0.357,0,0,False
378,5,1,Dark Sky,Clear,2014-04-12 - Bonobo - Essential Mix,2e1L6m2sq4Pz0EVeAx0Dhp,Mister Saturday Night - Brothers and Sisters,5.3731,120.006,0.797,0.818,0.529,8,4,0.111,0.896,1,False
379,6,1,Maya Jane Coles,Something In The Air (Bonobo Remix),2014-04-12 - Bonobo - Essential Mix,6wLDbkpdZEElEdKo9Wt010,Don’t Put Me In Your Box (The Remixes),6.116483333333333,118.002,0.71,0.728,0.158,11,4,0.0524,0.905,0,False
380,7,1,Catching Flies,Mama's Wisdom,2014-04-12 - Bonobo - Essential Mix,08Pf43rcNQz5JkMq4H4gJz,Komorebi / Mama's Wisdom,4.73145,121.906,0.729,0.626,0.147,4,4,0.589,0.896,0,False
381,8,1,Mano Le Tough,Primative People (Tale Of Us Remix),2014-04-12 - Bonobo - Essential Mix,20OvtcB4riRmoXeGoyr5UA,Changing Days Remixes,7.113033333333333,120.004,0.814,0.653,0.507,11,4,0.00944,0.656,0,False
382,9,1,Dauwd,Lydia,2014-04-12 - Bonobo - Essential Mix,1Fs3DEJsYoT1jsK9sNGRaK,Kindlinn,5.8048166666666665,118.038,0.562,0.67,0.321,1,4,0.0137,0.891,1,False
383,10,1,Cuthead,Maputo Jam,2014-04-12 - Bonobo - Essential Mix,2XeheVhX7rgA6tWOJdyIqX,Everlasting Sunday,5.0952166666666665,119.981,0.781,0.719,0.347,8,4,0.13,0.031,0,False
384,11,1,Maribou State,Moon Circles,2014-04-12 - Bonobo - Essential Mix,3hPQQLoF4w3tfe8ZliOs8v,Truths,4.068216666666666,119.988,0.725,0.786,0.716,11,4,0.121,0.805,1,False
385,12,1,Sharon Van Etten,We Are Fine (Tourist Remix),2014-04-12 - Bonobo - Essential Mix,,,,,,,,,,,,,True
386,13,1,Jimpster,Porchlight & Rocking Chairs (KiNK Remix),2014-04-12 - Bonobo - Essential Mix,4nTegvHWARJKGgro2wLDKd,Live From The Underground,3.8004333333333333,87.002,0.723,0.763,0.691,10,4,0.14,1.44e-06,0,False
387,14,1,Lorca,Naoko,2014-04-12 - Bonobo - Essential Mix,3Def5LDMstKK2mToIPyPlp,Forgive Me Love / Naoko,6.10955,123.001,0.796,0.687,0.566,5,4,0.0854,0.903,0,False
388,15,1,Bonobo Feat. Grey Reverend,First Fires (Maya Jane Coles Remix),2014-04-12 - Bonobo - Essential Mix,,,,,,,,,,,,,True
389,16,1,Jungle,Drops (Pedestrian Edit),2014-04-12 - Bonobo - Essential Mix,,,,,,,,,,,,,True
390,17,1,Werkha,Lapwing,2014-04-12 - Bonobo - Essential Mix,1wsLIi7xeEe3CxQ0wNRITV,Beacons,4.295416666666667,120.966,0.763,0.713,0.885,3,4,0.00285,0.696,0,False
391,18,1,Ten Walls,Requiem,2014-04-12 - Bonobo - Essential Mix,1GiQqw8KQoamCVgfVkHfK2,Requiem EP,7.508333333333334,120.005,0.71,0.81,0.881,1,4,0.0124,0.891,1,False
392,19,1,Francis Bebey,Bissao (Pilooski Edit),2014-04-12 - Bonobo - Essential Mix,5i3oOpS46SHZTFVtX1B3fr,Francis Bebey Remix,5.707466666666667,119.969,0.717,0.825,0.163,3,4,0.534,0.00512,1,False
393,20,1,General Ludd,Woo Ha,2014-04-12 - Bonobo - Essential Mix,06Ni8lXsCEnIOmxiN6TZ1e,The Fit Of Passion EP,5.9196333333333335,124.971,0.928,0.659,0.431,1,4,0.00016,0.0865,1,False
394,21,1,Romare,Jimmy,2014-04-12 - Bonobo - Essential Mix,4V0eO34EInHiJaCYrQtGkd,Projections,3.0677166666666666,119.909,0.141,0.391,0.143,0,4,0.966,0.919,1,False
395,22,1,William Arcane,Reflected,2014-04-12 - Bonobo - Essential Mix,0nkKToaJu16rYa7lJ9oYCn,Reflected,4.010916666666667,127.941,0.277,0.555,0.0437,0,4,0.921,0.157,0,False
396,23,1,London Grammar,Hey Now (Bonobo Remix),2014-04-12 - Bonobo - Essential Mix,6pp1orgxrCba8I8rK11uv3,Hey Now,5.764483333333334,128.018,0.778,0.699,0.217,5,4,0.312,0.525,0,False
397,24,1,Taylor McFerrin Feat. Emily King,Decisions,2014-04-12 - Bonobo - Essential Mix,,,,,,,,,,,,,True
398,25,1,Throwing Snow Feat. Adda Kaleh,The Tempest,2014-04-12 - Bonobo - Essential Mix,00XL579f4RZRuewTiq6XAY,Mosaic,4.181616666666667,125.041,0.697,0.416,0.147,10,4,0.0487,0.387,0,False
399,26,1,Kelis,Runnin' (Machinedrum Remix),2014-04-12 - Bonobo - Essential Mix,7xRKHhAYDixP5I3fwOB5p8,Change / Runnin' / Forever Be - Remixes,5.24025,160.035,0.782,0.534,0.305,2,4,0.096,0.00124,0,False
400,27,1,Illum Sphere,Embryonic (Lone Remix),2014-04-12 - Bonobo - Essential Mix,7rlDmA8x2FO6plemjnPE0i,Spectre Vex,4.6974,159.976,0.811,0.459,0.19,6,4,0.507,0.758,0,False
401,28,1,Martyn,Glassbeadgames (8 Hours At Fabric (Dub With Four Tet),2014-04-12 - Bonobo - Essential Mix,,,,,,,,,,,,,True
402,1,1,Moderat,Bad Kingdom (DJ Koze Remix),2014-09-02 - Bonobo - Mixed By,2JYxMJ0rx5igtboSLiCUB7,"Reincarnations, Pt. 2 - The Remix Chapter 2009 - 2014",7.77755,117.991,0.733,0.692,0.243,9,4,0.000564,0.77,0,False
403,2,1,Genius Of Time,Juno Jam,2014-09-02 - Bonobo - Mixed By,1X98WyQdZrymjV45UUIuCA,Juno Jam EP,7.670966666666667,120.012,0.689,0.804,0.338,1,4,2.69e-05,0.889,0,False
404,3,1,Kaytranada Feat. Shay Lia,Leave Me Alone,2014-09-02 - Bonobo - Mixed By,,,,,,,,,,,,,True
405,4,1,Leon Vynehall,Butterflies,2014-09-02 - Bonobo - Mixed By,5vWy90WX1eyfFUxnKcKSY9,Butterflies / This is the Place,7.4877666666666665,120.002,0.916,0.693,0.562,10,4,0.00151,0.762,0,False
406,5,1,Dark Sky,IYP,2014-09-02 - Bonobo - Mixed By,1slrGJumV6a8QWtLfI3Aby,Mister Saturday Night - Brothers and Sisters,5.856216666666667,123.003,0.967,0.749,0.476,5,4,0.00762,0.841,0,False
407,6,1,Lake People,Night Drive,2014-09-02 - Bonobo - Mixed By,67glS6aWB3SipoZo3SOC52,Night Drive,6.4406,123.012,0.439,0.808,0.59,0,4,0.000484,0.859,1,False
408,7,1,Butch & C.Vogt,The Infamous (Robytek vs Shield Cut),2014-09-02 - Bonobo - Mixed By,,,,,,,,,,,,,True
409,8,1,Throwing Snow,As You Fall (Live Analogue Jam),2014-09-02 - Bonobo - Mixed By,,,,,,,,,,,,,True
410,9,1,Dorian Concept,"Ann River, Mn",2014-09-02 - Bonobo - Mixed By,4OLmxH0KtAsHb51lQgBBlB,Joined Ends,4.1254,128.004,0.839,0.635,0.857,8,4,0.676,0.533,0,False
411,10,1,Nalepa & William Arcane,Feel,2014-09-02 - Bonobo - Mixed By,4NPE6ue5Id2CWMzJVj82os,Feel,4.733333333333333,128.093,0.431,0.7,0.0379,1,4,0.44,0.741,1,False
412,11,1,Mr. Mitch,"The Lion, The Bitch And The Bordeaux",2014-09-02 - Bonobo - Mixed By,,,,,,,,,,,,,True
413,1,1,Bonobo,Cirrus,2014-11-20 - Bonobo (Live PA) @ Boiler Room London,2lJ4d8MCT6ZlDRHKJ1br14,The North Borders,5.8707666666666665,119.042,0.844,0.64,0.364,2,4,0.395,0.933,0,False
414,2,1,Bonobo,Sapphire,2014-11-20 - Bonobo (Live PA) @ Boiler Room London,1d5hX0RYHcDM4aHJHSm5cr,The North Borders,4.795466666666667,135.024,0.631,0.641,0.0549,0,4,0.048,0.612,0,False
415,3,1,Bonobo Feat. Szjerdene,Towers,2014-11-20 - Bonobo (Live PA) @ Boiler Room London,,,,,,,,,,,,,True
416,4,1,Bonobo Feat. Andreya Triana,Stay The Same,2014-11-20 - Bonobo (Live PA) @ Boiler Room London,,,,,,,,,,,,,True
417,5,1,Bonobo,Prelude/Kiara,2014-11-20 - Bonobo (Live PA) @ Boiler Room London,5lcTh4kYshToQMHnlNsxaj,The North Borders Tour. — Live.,8.162716666666666,99.95,0.741,0.385,0.332,3,4,0.166,0.794,0,False
418,6,1,Bonobo,Ten Tigers (+ Jam),2014-11-20 - Bonobo (Live PA) @ Boiler Room London,,,,,,,,,,,,,True
419,7,1,Bonobo,Kong,2014-11-20 - Bonobo (Live PA) @ Boiler Room London,7Cg3F9ZsZ2TYUnlza49NYh,Black Sands,3.963766666666667,94.031,0.749,0.542,0.674,6,4,0.173,0.942,0,False
420,8,1,Bonobo,Ketto,2014-11-20 - Bonobo (Live PA) @ Boiler Room London,4Gkd4msFAFTiDxFZcg9r8i,Days To Come,5.114,95.011,0.784,0.635,0.31,7,4,0.337,0.917,0,False
421,9,1,Bonobo,Emkay,2014-11-20 - Bonobo (Live PA) @ Boiler Room London,37A0JOrJ5WnmhIyGNnAhRN,The North Borders,5.426383333333333,130.025,0.474,0.776,0.195,11,4,0.0208,0.384,0,False
422,10,1,Bonobo Feat. Grey Reverend,First Fires,2014-11-20 - Bonobo (Live PA) @ Boiler Room London,,,,,,,,,,,,,True
423,11,1,Bonobo Feat. Szjerdene,Heaven For The Sinner,2014-11-20 - Bonobo (Live PA) @ Boiler Room London,,,,,,,,,,,,,True
424,12,1,Bonobo,Recurring,2014-11-20 - Bonobo (Live PA) @ Boiler Room London,0tXU2cpXxXysj6jg4vSUbv,Days To Come,4.868433333333333,116.252,0.649,0.366,0.481,7,4,0.154,0.941,1,False
425,13,1,Bonobo,We Could Forever,2014-11-20 - Bonobo (Live PA) @ Boiler Room London,2y1cW84gbL4ghBD2HwcQ3x,Black Sands,4.33065,116.955,0.885,0.669,0.636,7,4,0.0181,0.88,0,False
426,14,1,Bonobo,Flashlight,2014-11-20 - Bonobo (Live PA) @ Boiler Room London,0CPEvRFKdvpK0veEeY56T6,Flashlight EP,5.501483333333334,119.905,0.95,0.679,0.0495,0,4,0.0707,0.948,1,False
427,15,1,Bonobo,El Toro (Drum Solo + Sax Solo + Jam),2014-11-20 - Bonobo (Live PA) @ Boiler Room London,,,,,,,,,,,,,True
428,16,1,Bonobo Feat. Szjerdene,Transits,2014-11-20 - Bonobo (Live PA) @ Boiler Room London,0ewtFuJlY7pxdg4lzCXeQV,The North Borders,4.34185,130.086,0.686,0.668,0.205,4,4,0.424,0.586,0,False
429,17,1,Bonobo,Know You,2014-11-20 - Bonobo (Live PA) @ Boiler Room London,7rF2bHXc5wa3hM3114pppm,The North Borders,4.088116666666667,126.995,0.702,0.734,0.168,3,4,0.047,0.669,0,False
430,18,1,Bonobo Feat. Cornelia,Pieces,2014-11-20 - Bonobo (Live PA) @ Boiler Room London,,,,,,,,,,,,,True
431,19,1,Bonobo Feat. Andreya Triana,The Keeper,2014-11-20 - Bonobo (Live PA) @ Boiler Room London,5hmf3hRQMaDIWuZT1zX3ue,Black Sands,4.81555,85.052,0.57,0.776,0.414,5,4,0.228,0.184,0,False
432,20,1,Bonobo,Black Sands,2014-11-20 - Bonobo (Live PA) @ Boiler Room London,6uoM7KHsyJsHZqBQHKjQbc,Black Sands,6.816,87.989,0.499,0.525,0.338,0,3,0.732,0.936,0,False
501,1,1,Louiz Banks,Song For My Lady,"2015-12-18 - Bonobo - Outlier Radio 001, NTS Radio",,,,,,,,,,,,,True
502,2,1,Mammal Hands,Kandaiki,"2015-12-18 - Bonobo - Outlier Radio 001, NTS Radio",1jsnIb8rHk5GgsN3oUNB6O,Animalia,5.261066666666666,92.403,0.423,0.418,0.609,10,4,0.748,0.916,0,False
503,3,1,Holy Forest,Africa Calling,"2015-12-18 - Bonobo - Outlier Radio 001, NTS Radio",60lqD2feVf0gw36nreA2E1,Holy Forest,3.9782166666666665,119.83,0.653,0.495,0.93,0,4,0.24,2.05e-06,0,False
504,4,1,Hypnotic Brass Ensemble,What It Is,"2015-12-18 - Bonobo - Outlier Radio 001, NTS Radio",7q82QhlyfRn0UigBu2k3jD,BAD BOYS OF JAZZ,4.511616666666667,171.708,0.912,0.56,0.696,9,4,0.327,0,0,False
505,5,1,Seven Davis Jr,Try Me (I'll Funk You),"2015-12-18 - Bonobo - Outlier Radio 001, NTS Radio",2liVLb6JF20TmiuflkWkVq,Try Me (I’ll Funk You),3.7935166666666666,135.124,0.833,0.708,0.148,7,4,0.157,4.77e-06,0,False
506,6,1,Monte Booker Feat. Ravyn Lenae,Baby,"2015-12-18 - Bonobo - Outlier Radio 001, NTS Radio",0IdUPpU9HwiWBHgiwGB8Xn,Walton: Belshazzar's Feast / Crown Imperial,4.45555,150.353,0.245,0.312,0.105,2,5,0.968,0.0107,1,False
507,7,1,Session Victim,Crystal Maze,"2015-12-18 - Bonobo - Outlier Radio 001, NTS Radio",5dJRyGT1eftJYYttOs6EmU,See You When You Get There,2.9036,112.98,0.273,0.727,0.394,2,4,0.00457,0.947,1,False
508,8,1,Kemback,Awaken,"2015-12-18 - Bonobo - Outlier Radio 001, NTS Radio",5WZD4aZbU5KwGPzEs9Zu6A,Maximum Joy Part 2,5.737633333333333,114.0,0.87,0.805,0.851,6,4,0.000394,0.755,1,False
509,9,1,Rival Consoles,Pre,"2015-12-18 - Bonobo - Outlier Radio 001, NTS Radio",3Aqgw7pHBe0TSQP2FJYCWy,Howl,5.2477,110.999,0.684,0.569,0.0753,4,4,0.136,0.733,0,False
510,10,1,George FitzGerald Feat. Boxed In Remix),Full Circle (Bonobo,"2015-12-18 - Bonobo - Outlier Radio 001, NTS Radio",,,,,,,,,,,,,True
511,11,1,Henry Wu,Dubplate Special,"2015-12-18 - Bonobo - Outlier Radio 001, NTS Radio",,,,,,,,,,,,,True
512,12,1,Roman Flügel,Teenage Engineering,"2015-12-18 - Bonobo - Outlier Radio 001, NTS Radio",4nR1aoJfzu4iBpI6Uk5F2u,Monday Brain,7.3822,119.997,0.532,0.685,0.437,7,4,0.00206,0.932,1,False
513,13,1,DJ Richard,Vampire Dub,"2015-12-18 - Bonobo - Outlier Radio 001, NTS Radio",2zmXD9fxaMrPYVJrnEVeAQ,Grind,8.088133333333333,120.002,0.464,0.503,0.121,1,4,0.303,0.918,0,False
514,14,1,Chrome Sparks,Moonraker,"2015-12-18 - Bonobo - Outlier Radio 001, NTS Radio",5arnfvbhWPuE4EE8jzoket,Moonraker,6.0713,118.95,0.734,0.428,0.197,1,4,0.225,0.554,0,False
515,15,1,Kiasmos,Drawn,"2015-12-18 - Bonobo - Outlier Radio 001, NTS Radio",2xbJaVQRJLmf42DrUdTqDq,Swept EP,4.348966666666667,119.994,0.615,0.725,0.572,10,4,0.0674,0.914,0,False
516,16,1,Auntie Flo Feat. Anbuley,Su La,"2015-12-18 - Bonobo - Outlier Radio 001, NTS Radio",4l3RmgzJMO6vdYL5bcMTqN,Theory of Flo,6.243766666666667,120.204,0.64,0.715,0.0773,5,4,0.442,0.793,0,False
517,17,1,TCB,2nd Touch (Roman Flügel Remix),"2015-12-18 - Bonobo - Outlier Radio 001, NTS Radio",,,,,,,,,,,,,True
518,18,1,Frankey & Sandrino,Acamar,"2015-12-18 - Bonobo - Outlier Radio 001, NTS Radio",2o9fz1ALwGI65oMzueYMUI,Acamar EP,8.342483333333334,119.992,0.739,0.777,0.202,9,4,0.00212,0.868,1,False
519,19,1,Abra,Fruit,"2015-12-18 - Bonobo - Outlier Radio 001, NTS Radio",4SExof7SNMmYgTmgE8TBrE,Rose,5.683333333333334,120.008,0.528,0.724,0.607,7,4,0.00584,0.0415,0,False
520,20,1,Jlin,Unknown Tongues,"2015-12-18 - Bonobo - Outlier Radio 001, NTS Radio",4ySR9bcE5IC9FSz0NWEdNQ,Dark Energy,3.4466666666666668,120.746,0.592,0.934,0.33,9,3,6.6e-05,0.787,0,False
521,21,1,Zora Jones,First Light,"2015-12-18 - Bonobo - Outlier Radio 001, NTS Radio",269ri9YjEqmfRJH2EG5WgR,100 Ladies,3.5068333333333332,146.027,0.495,0.615,0.122,11,4,0.328,0.218,1,False
522,22,1,Clap! Clap!,(S) Serendipity,"2015-12-18 - Bonobo - Outlier Radio 001, NTS Radio",6RUomjVeS18YfJXL3rXl0s,Simple,3.19945,142.007,0.725,0.872,0.514,1,4,0.00127,0.0532,1,False
523,23,1,Mo Kolours,Tears & Sand,"2015-12-18 - Bonobo - Outlier Radio 001, NTS Radio",5QO79kh1waicV47BqGRL3g,After Hours,3.5937666666666668,118.051,0.826,0.68,0.644,0,4,0.0212,1.24e-05,1,False
524,24,1,Throwing Snow,Glower,"2015-12-18 - Bonobo - Outlier Radio 001, NTS Radio",3mZ4iWN9rTFuZDrjE1m6c0,Glower / Clasp,6.409833333333333,120.001,0.815,0.572,0.0416,3,4,0.308,0.669,0,False
525,25,1,Axel Boman,1979,"2015-12-18 - Bonobo - Outlier Radio 001, NTS Radio",4kJC8AvU9Rg7X0MUH9UDSr,1979,10.959366666666666,120.0,0.755,0.454,0.243,2,4,0.00728,0.921,1,False
526,26,1,Tee Mango,Tribute,"2015-12-18 - Bonobo - Outlier Radio 001, NTS Radio",,,,,,,,,,,,,True
551,1,1,Sh*t Robot,End Of The Trail (Roman Flügel Remix),"2016-04-07 - George FitzGerald b2b Bonobo - Residency, BBC Radio 1",,,,,,,,,,,,,True
552,2,1,Midland,Blush,"2016-04-07 - George FitzGerald b2b Bonobo - Residency, BBC Radio 1",7236Bk1cfDYHJSGSGLhpLX,Blush,6.416516666666666,120.017,0.804,0.658,0.345,1,4,0.00502,0.813,1,False
553,3,1,Fort Romeau,Secrets & Lies,"2016-04-07 - George FitzGerald b2b Bonobo - Residency, BBC Radio 1",1NhPKVLsHhFUHIOZ32QnS2,Waking Up,3.744883333333333,148.021,0.764,0.516,0.376,2,4,0.0717,0,1,False
554,4,1,El_Txef_A Feat. Napoka Iria,Mugarrirantz (Dave DK Remix),"2016-04-07 - George FitzGerald b2b Bonobo - Residency, BBC Radio 1",1aoqrHsUDheIlUYxfQ4FqU,We Walked Home Together Remix Pack III,6.237283333333333,117.998,0.865,0.573,0.0382,7,4,0.000279,0.823,1,False
555,5,1,Landslide,Still There (Max Cooper Remix),"2016-04-07 - George FitzGerald b2b Bonobo - Residency, BBC Radio 1",3Kk09UY1BMfazXZ2LW0NdM,"Landside, Pt. 1",4.991583333333334,119.001,0.589,0.676,0.615,6,4,0.0956,0.858,1,False
556,6,1,Jilk,Be Heart,"2016-04-07 - George FitzGerald b2b Bonobo - Residency, BBC Radio 1",7ItdY0GPZLgqi3H8TJi0Er,In Need of Tess,3.73125,126.952,0.74,0.776,0.113,0,4,0.0155,0.494,1,False
557,7,1,David August,JBY,"2016-04-07 - George FitzGerald b2b Bonobo - Residency, BBC Radio 1",,,,,,,,,,,,,True
558,8,1,Leon Vynehall,Paradisea,"2016-04-07 - George FitzGerald b2b Bonobo - Residency, BBC Radio 1",18qcnbgCUruMRbSu3rH2R3,Rojus (Designed to Dance),6.63895,119.977,0.905,0.724,0.806,5,4,0.00324,0.809,0,False
559,9,1,Jody Barr,Turbo Jangle,"2016-04-07 - George FitzGerald b2b Bonobo - Residency, BBC Radio 1",3fa5ta5fYSXXrMWMLVEeKa,Turbo Jangle,6.561466666666667,122.007,0.46,0.909,0.459,4,4,0.00104,0.864,1,False
560,10,1,DJ Koze,Blume Der Nacht (George FitzGerald Edit),"2016-04-07 - George FitzGerald b2b Bonobo - Residency, BBC Radio 1",,,,,,,,,,,,,True
561,11,1,Cubicolor Feat. Tim Digby,Bell,"2016-04-07 - George FitzGerald b2b Bonobo - Residency, BBC Radio 1",,,,,,,,,,,,,True
562,12,1,Frank Wiedemann,Moorthon II,"2016-04-07 - George FitzGerald b2b Bonobo - Residency, BBC Radio 1",5DMwA0QNdTiQIfwnCck8uW,Moorthon EP,8.932216666666667,123.509,0.931,0.742,0.158,4,4,0.00436,0.898,0,False
563,13,1,Stones & Holes,Light A Spark (Manoo Remix),"2016-04-07 - George FitzGerald b2b Bonobo - Residency, BBC Radio 1",3Qb927gpQc9pb3ggH5ggn0,Light A Spark,8.03225,124.007,0.54,0.86,0.492,8,4,1.51e-05,0.393,1,False
564,14,1,George FitzGerald,Full Circle (Bonobo Remix),"2016-04-07 - George FitzGerald b2b Bonobo - Residency, BBC Radio 1",2cBRw6YbdqRuI9xeaAQsfG,Full Circle (Bonobo Remix),5.724683333333333,113.993,0.854,0.594,0.156,9,4,0.467,0.821,0,False
565,15,1,Ghost Culture,Safe,"2016-04-07 - George FitzGerald b2b Bonobo - Residency, BBC Radio 1",7kILtYbSpqFO7vkNSIa18e,Safe / Multiply,6.928366666666666,125.009,0.868,0.693,0.146,6,4,0.108,0.864,1,False
566,16,1,Buz Ludzha,Positive Vibes,"2016-04-07 - George FitzGerald b2b Bonobo - Residency, BBC Radio 1",1JfBMGmvTkNIEFysGmTgjv,Basslines for Life,5.7367333333333335,124.995,0.736,0.681,0.708,10,4,0.245,0.877,0,False
567,17,1,Danny Daze,Swim,"2016-04-07 - George FitzGerald b2b Bonobo - Residency, BBC Radio 1",1ZlKMHKhAzsACpmqnjet59,Speicher 91,8.65005,126.011,0.667,0.791,0.219,8,4,0.0456,0.799,1,False
568,18,1,Akwabe,Mumude,"2016-04-07 - George FitzGerald b2b Bonobo - Residency, BBC Radio 1",,,,,,,,,,,,,True
569,19,1,Kamera,Consignia (Eyes Of Mine Remix),"2016-04-07 - George FitzGerald b2b Bonobo - Residency, BBC Radio 1",,,,,,,,,,,,,True
570,20,1,Kerrier District,Techno Disco (KiNK Remix),"2016-04-07 - George FitzGerald b2b Bonobo - Residency, BBC Radio 1",6EbaZGWbZehT3TcBRbCthP,4 (Remixes),8.2279,125.007,0.83,0.614,0.129,11,4,0.0115,0.86,0,False
571,21,1,Tony Lionni,Always There,"2016-04-07 - George FitzGerald b2b Bonobo - Residency, BBC Radio 1",3Fn60C1YqzswJBCGgnbYwt,Precious,7.454433333333333,124.965,0.792,0.743,0.58,1,4,0.000762,1.44e-06,1,False
572,22,1,The Native Language,Puerto Toro,"2016-04-07 - George FitzGerald b2b Bonobo - Residency, BBC Radio 1",,,,,,,,,,,,,True
573,23,1,Lindstrøm,Closing Shot,"2016-04-07 - George FitzGerald b2b Bonobo - Residency, BBC Radio 1",1ROqr2iZR9SSGv0PvlPssV,Closing Shot,8.394133333333333,123.002,0.918,0.777,0.877,5,4,0.00217,0.885,0,False
615,1,1,Bing & Ruth,Starwood Choker,"2016-12-16 - Bonobo - Outlier Radio 004, NTS Radio",6aw2BGPAzY5kcM3WzELaN3,No Home of the Mind,6.2826,73.826,0.211,0.068,0.0354,11,4,0.902,0.936,1,False
616,2,1,Bruce Trail,Over Falls,"2016-12-16 - Bonobo - Outlier Radio 004, NTS Radio",0KUhHZBmb6vtcVLDBZ6aCB,Ravine Dream EP,5.32295,115.002,0.733,0.687,0.377,2,4,0.0729,0.912,1,False
617,3,1,Kid Fonque,Bossa Over ?,"2016-12-16 - Bonobo - Outlier Radio 004, NTS Radio",0X9D5bO8X2eH3prtoRh9RI,I Move To A Different Beat,5.030433333333334,114.997,0.835,0.797,0.14,9,4,0.00578,0.899,1,False
618,4,1,DJ Click La Dame En Rouge (Dub Mix),Bossa Over ?,"2016-12-16 - Bonobo - Outlier Radio 004, NTS Radio",0X9D5bO8X2eH3prtoRh9RI,I Move To A Different Beat,5.030433333333334,114.997,0.835,0.797,0.14,9,4,0.00578,0.899,1,False
619,5,1,Dan Kye,Change,"2016-12-16 - Bonobo - Outlier Radio 004, NTS Radio",6Fn4X06WABvxCP4YLTMZBr,A Sufi And A Killer,2.0833333333333335,116.356,0.331,0.509,0.532,11,4,0.525,0.0136,1,False
620,5,1,Dan Kye,Change,"2016-12-16 - Bonobo - Outlier Radio 004, NTS Radio",7HPoNHUAZaXkMFoKUL8Dah,"Joy, Ease, Lightness",4.593666666666667,120.006,0.936,0.918,0.923,9,4,0.0283,0.136,0,False
621,6,1,Willow,Untitled A2,"2016-12-16 - Bonobo - Outlier Radio 004, NTS Radio",3WuGpQEb1PfcU9qfQnaext,Workshop 23,4.5293,121.0,0.65,0.706,0.488,1,4,0.071,0.829,1,False
622,7,1,Weedy of 40 Winks,For Us,"2016-12-16 - Bonobo - Outlier Radio 004, NTS Radio",679wYTdyNGOtAT6t8AUSgw,Retrospect Suite,2.913466666666667,98.322,0.411,0.711,0.557,7,4,0.831,0.382,0,False
623,8,1,Linkwood,What's Up With the Underground,"2016-12-16 - Bonobo - Outlier Radio 004, NTS Radio",0wbRUNwTOcvdOUbQm0ZB8G,Firecracker EP2,4.7651,124.015,0.729,0.837,0.788,7,4,0.00065,0.799,1,False
624,9,1,Teo Moss feat. Rush,Show Me The Way,"2016-12-16 - Bonobo - Outlier Radio 004, NTS Radio",,,,,,,,,,,,,True
625,10,1,John Talabot,Voices,"2016-12-16 - Bonobo - Outlier Radio 004, NTS Radio",2mPTVEtlaAQ1SC3UuEU6lv,Voices,6.87295,122.013,0.716,0.769,0.707,2,4,0.000486,0.85,1,False
626,11,1,Disciples of Sound,Dirty (Original Mix),"2016-12-16 - Bonobo - Outlier Radio 004, NTS Radio",,,,,,,,,,,,,True
627,12,1,Dark Sky,Kilter,"2016-12-16 - Bonobo - Outlier Radio 004, NTS Radio",2ZAQ5A65YqpQ7vLiRXebSE,Kilter / Acacia,6.625616666666667,123.005,0.731,0.724,0.119,0,4,0.0633,0.787,1,False
628,13,1,Black Coffee feat. Nakhane Toure,We Dance Again,"2016-12-16 - Bonobo - Outlier Radio 004, NTS Radio",,,,,,,,,,,,,True
629,14,1,Obongjayar,Creeping,"2016-12-16 - Bonobo - Outlier Radio 004, NTS Radio",5TqC4dWel2k3lz4B9dDx69,Creeping,2.88905,77.6,0.415,0.488,0.305,11,4,0.197,0,0,False
630,15,1,Yellow Days,Gap In The Clouds,"2016-12-16 - Bonobo - Outlier Radio 004, NTS Radio",7l5j3FapCyr6HxUgoAynM2,Harmless Melodies,4.6679,139.939,0.535,0.576,0.196,9,4,0.588,0.0106,1,False
631,16,1,Willie West,I'm Still a Man (Lord Have Mercy),"2016-12-16 - Bonobo - Outlier Radio 004, NTS Radio",,,,,,,,,,,,,True
632,17,1,Tenderlonious,Song For My Father,"2016-12-16 - Bonobo - Outlier Radio 004, NTS Radio",58EdNDi8DSTH2VkbGsqg93,On Flute,6.056283333333333,113.197,0.473,0.894,0.897,0,4,0.291,0.00927,0,False
633,18,1,Ross From Friends,Talk to Me You'll Understand,"2016-12-16 - Bonobo - Outlier Radio 004, NTS Radio",4Z4i631BesV0P6LTvfLAdL,You'll Understand,6.95165,126.008,0.619,0.741,0.146,1,4,0.661,0.674,0,False
634,19,1,Youandewan,Our Odyssey,"2016-12-16 - Bonobo - Outlier Radio 004, NTS Radio",6aIUAZaJgtGpQpdbMazFwO,There Is No Right Time,7.834933333333334,123.988,0.524,0.706,0.0793,2,4,0.0801,0.79,1,False
635,20,1,Smerz,Sure,"2016-12-16 - Bonobo - Outlier Radio 004, NTS Radio",4B3wSbmnVRqpmCh3AsIZAh,Okey,4.626966666666666,134.129,0.234,0.396,0.0394,4,4,0.872,0.000883,0,False
636,21,1,Bonobo,Unreleased Track,"2016-12-16 - Bonobo - Outlier Radio 004, NTS Radio",,,,,,,,,,,,,True
637,22,1,Soccer96 feat. Swann Hunter,Flight Formation,"2016-12-16 - Bonobo - Outlier Radio 004, NTS Radio",,,,,,,,,,,,,True
638,23,1,Harmonious Thelonious,Drums and Claps,"2016-12-16 - Bonobo - Outlier Radio 004, NTS Radio",64mkejZgq8hWAOEjU9m7MK,International Dance Record,5.141933333333333,122.969,0.959,0.807,0.707,6,4,0.0522,0.861,1,False
639,24,1,DJ Q,Feelin' Moody,"2016-12-16 - Bonobo - Outlier Radio 004, NTS Radio",7K1nVHffWOQkVK94v1Fn06,Feelin' Moody,9.969683333333334,123.356,0.971,0.728,0.477,2,4,3e-05,0.0676,1,False
640,25,1,Yamato,The Black Cat,"2016-12-16 - Bonobo - Outlier Radio 004, NTS Radio",4YGJ3id9Vt9WmtySe2bAbz,Tech House Bundle,6.774183333333333,123.989,0.421,0.811,0.332,7,4,0.000263,0.863,1,False
641,26,1,Matteus Tavares,My Money's Gone,"2016-12-16 - Bonobo - Outlier Radio 004, NTS Radio",,,,,,,,,,,,,True
642,27,1,Jullian Gomes,Somewhere,"2016-12-16 - Bonobo - Outlier Radio 004, NTS Radio",3NQpVcIHoWZUBWtP6uE9ey,Late Dreamer,6.829266666666666,122.998,0.57,0.749,0.471,8,4,0.000788,0.772,1,False
643,1,1,Bonobo,Bambro Koyo Ganda,"2017-02-10 - Bonobo @ Mixmag Live, Village Underground, London",5EGJ7e7frJjYja6H4afzoT,Migration,5.040466666666667,115.518,0.571,0.723,0.185,1,4,0.21,0.334,1,False
644,2,1,Bonobo,Outlier,"2017-02-10 - Bonobo @ Mixmag Live, Village Underground, London",6BbFwwHnzY74a8GOsDg8Sn,Migration,7.924666666666667,117.006,0.59,0.693,0.237,4,4,0.23,0.834,0,False
645,3,1,Nadastrom vs Heartbreak,Church,"2017-02-10 - Bonobo @ Mixmag Live, Village Underground, London",,,,,,,,,,,,,True
646,4,1,Bonobo,7th Sevens,"2017-02-10 - Bonobo @ Mixmag Live, Village Underground, London",3AW6V6zWH45jI7eNPnSDfT,Migration,5.122116666666667,117.999,0.653,0.656,0.199,6,4,0.0281,0.858,0,False
647,5,1,Concept Neuf,The Path,"2017-02-10 - Bonobo @ Mixmag Live, Village Underground, London",5sDWiCiQQMPsb8zos3aMRF,Concept Neuf,4.348,118.984,0.649,0.802,0.822,4,4,0.05,0.769,0,False
648,6,1,Bonobo,Cirrus,"2017-02-10 - Bonobo @ Mixmag Live, Village Underground, London",2lJ4d8MCT6ZlDRHKJ1br14,The North Borders,5.8707666666666665,119.042,0.844,0.64,0.364,2,4,0.395,0.933,0,False
649,7,1,DJ Click,Lila Club (Radio Edit),"2017-02-10 - Bonobo @ Mixmag Live, Village Underground, London",2xYJrArH71uKoe0WsTMuG2,Lila Club,3.3493333333333335,120.007,0.753,0.844,0.495,9,4,0.0601,0.799,1,False
650,8,1,O'Flynn,Tyrion,"2017-02-10 - Bonobo @ Mixmag Live, Village Underground, London",,,,,,,,,,,,,True
651,9,1,Bonobo,We Could Forever,"2017-02-10 - Bonobo @ Mixmag Live, Village Underground, London",2y1cW84gbL4ghBD2HwcQ3x,Black Sands,4.33065,116.955,0.885,0.669,0.636,7,4,0.0181,0.88,0,False
652,10,1,SOCCER96,Flight Formation (Danny Krivit Edit),"2017-02-10 - Bonobo @ Mixmag Live, Village Underground, London",61EkhAjWu8HqpWFwHXcP2s,Jupiter Masterdrive Edits,7.117133333333333,120.665,0.766,0.624,0.607,9,4,0.0228,0.845,1,False
653,11,1,Tee Mango,Leave You,"2017-02-10 - Bonobo @ Mixmag Live, Village Underground, London",6tt22mkttSR6vw7J4cYGVl,IMPERFECTIONS VOL.1,5.8816,120.023,0.559,0.885,0.73,5,4,0.00518,0.261,0,False
654,12,1,Bonobo,Boston Common,"2017-02-10 - Bonobo @ Mixmag Live, Village Underground, London",2hWA1AUyyziv5sKNqYC5hh,fabric Presents Bonobo,4.228,121.097,0.783,0.841,0.746,3,4,0.03,0.534,0,False
655,13,1,Denis Sulta,Nein Fortiate,"2017-02-10 - Bonobo @ Mixmag Live, Village Underground, London",2hqimz1lrGM7MaC9KqOgg6,Nein Fortiate EP,6.352,121.004,0.609,0.758,0.442,0,4,0.000421,0.91,0,False
656,14,1,John Talabot,Voices,"2017-02-10 - Bonobo @ Mixmag Live, Village Underground, London",2mPTVEtlaAQ1SC3UuEU6lv,Voices,6.87295,122.013,0.716,0.769,0.707,2,4,0.000486,0.85,1,False
657,15,1,Appleblim,Avebury,"2017-02-10 - Bonobo @ Mixmag Live, Village Underground, London",0fMEXHc2E9vxSOdyeq8xB4,Avebury,7.918166666666667,119.994,0.917,0.698,0.522,5,4,0.0636,0.891,1,False
658,16,1,Butch,Dope,"2017-02-10 - Bonobo @ Mixmag Live, Village Underground, London",5wElWRFQIzeE1YBe1gTIxp,Dope,8.4871,123.019,0.829,0.735,0.749,6,4,0.459,0.928,1,False
659,17,1,Scottie B,Niggaz Fightin,"2017-02-10 - Bonobo @ Mixmag Live, Village Underground, London",1orDRe3Vddfs7KIumAVevu,Unruly (Remixes),3.88535,126.586,0.996,0.813,0.647,10,4,0.0434,0.574,0,False
660,18,1,KiNK,Existence,"2017-02-10 - Bonobo @ Mixmag Live, Village Underground, London",23YgtDE6f4HZErTLZQjyPb,Rachel EP,5.682216666666666,125.005,0.808,0.754,0.585,7,4,0.000134,0.637,1,False
661,19,1,Dinky,Casa (Axel Boman Dub Mix),"2017-02-10 - Bonobo @ Mixmag Live, Village Underground, London",5fXHswaQRTvzfwTC8CW5Ew,Casa,9.8143,124.003,0.905,0.757,0.553,11,4,0.0158,0.874,1,False
662,20,1,Fela Kuti,Shakara (Ossie's Bump Edit),"2017-02-10 - Bonobo @ Mixmag Live, Village Underground, London",,,,,,,,,,,,,True
663,21,1,Ryan Anthony,Get Together,"2017-02-10 - Bonobo @ Mixmag Live, Village Underground, London",,,,,,,,,,,,,True
664,22,1,Moloko,Sing It Back (Maribou State Edit),"2017-02-10 - Bonobo @ Mixmag Live, Village Underground, London",,,,,,,,,,,,,True
665,23,1,Dark Sky,IYP,"2017-02-10 - Bonobo @ Mixmag Live, Village Underground, London",1slrGJumV6a8QWtLfI3Aby,Mister Saturday Night - Brothers and Sisters,5.856216666666667,123.003,0.967,0.749,0.476,5,4,0.00762,0.841,0,False
666,24,1,Bonobo,Kerala,"2017-02-10 - Bonobo @ Mixmag Live, Village Underground, London",5DAjrJqXqYtgr67pVhmUeR,Migration,3.9591,124.75,0.739,0.529,0.138,7,4,0.0237,0.607,0,False
667,25,1,Dark Sky,Kilter,"2017-02-10 - Bonobo @ Mixmag Live, Village Underground, London",2ZAQ5A65YqpQ7vLiRXebSE,Kilter / Acacia,6.625616666666667,123.005,0.731,0.724,0.119,0,4,0.0633,0.787,1,False
668,26,1,Young Marco Feat. What I Had,The Best I Could Do,"2017-02-10 - Bonobo @ Mixmag Live, Village Underground, London",,,,,,,,,,,,,True
669,27,1,B.Traits,North Shore,"2017-02-10 - Bonobo @ Mixmag Live, Village Underground, London",0uE1IFztbcSHMYjIzkIpsT,In.toto001,7.012083333333333,123.972,0.883,0.344,0.0397,7,4,9.54e-06,0.905,1,False
684,1,1,Bonobo,Migration,"2017-03-25 - Bonobo (Live PA) @ 6 Music Festival, Glasgow, Scotland",61g7oQKm8DFEL7r2g9LS8x,Migration,5.456666666666667,122.072,0.565,0.561,0.0392,1,4,0.763,0.948,1,False
685,2,1,Bonobo,7th Sevens,"2017-03-25 - Bonobo (Live PA) @ 6 Music Festival, Glasgow, Scotland",3AW6V6zWH45jI7eNPnSDfT,Migration,5.122116666666667,117.999,0.653,0.656,0.199,6,4,0.0281,0.858,0,False
686,3,1,Bonobo Feat. Szjerdene,Break Apart,"2017-03-25 - Bonobo (Live PA) @ 6 Music Festival, Glasgow, Scotland",,,,,,,,,,,,,True
687,4,1,Bonobo Feat. Szjerdene,Towers,"2017-03-25 - Bonobo (Live PA) @ 6 Music Festival, Glasgow, Scotland",,,,,,,,,,,,,True
688,5,1,Bonobo,Kiara / TT / Kong,"2017-03-25 - Bonobo (Live PA) @ 6 Music Festival, Glasgow, Scotland",,,,,,,,,,,,,True
689,6,1,Bonobo Feat. Szjerdene,Surface,"2017-03-25 - Bonobo (Live PA) @ 6 Music Festival, Glasgow, Scotland",,,,,,,,,,,,,True
690,7,1,Bonobo,Bambro,"2017-03-25 - Bonobo (Live PA) @ 6 Music Festival, Glasgow, Scotland",5EGJ7e7frJjYja6H4afzoT,Migration,5.040466666666667,115.518,0.571,0.723,0.185,1,4,0.21,0.334,1,False
691,8,1,Bonobo,Cirrus,"2017-03-25 - Bonobo (Live PA) @ 6 Music Festival, Glasgow, Scotland",2lJ4d8MCT6ZlDRHKJ1br14,The North Borders,5.8707666666666665,119.042,0.844,0.64,0.364,2,4,0.395,0.933,0,False
692,9,1,Bonobo,Outlier,"2017-03-25 - Bonobo (Live PA) @ 6 Music Festival, Glasgow, Scotland",6BbFwwHnzY74a8GOsDg8Sn,Migration,7.924666666666667,117.006,0.59,0.693,0.237,4,4,0.23,0.834,0,False
693,10,1,Bonobo,Flashlight,"2017-03-25 - Bonobo (Live PA) @ 6 Music Festival, Glasgow, Scotland",0CPEvRFKdvpK0veEeY56T6,Flashlight EP,5.501483333333334,119.905,0.95,0.679,0.0495,0,4,0.0707,0.948,1,False
694,11,1,Bonobo,We Could Forever,"2017-03-25 - Bonobo (Live PA) @ 6 Music Festival, Glasgow, Scotland",2y1cW84gbL4ghBD2HwcQ3x,Black Sands,4.33065,116.955,0.885,0.669,0.636,7,4,0.0181,0.88,0,False
695,12,1,Bonobo Feat. Szjerdene,No Reason,"2017-03-25 - Bonobo (Live PA) @ 6 Music Festival, Glasgow, Scotland",,,,,,,,,,,,,True
696,13,1,Bonobo,Ontario,"2017-03-25 - Bonobo (Live PA) @ 6 Music Festival, Glasgow, Scotland",4GroumsjzAcgCwJzTGY7px,Migration,3.8758166666666667,89.995,0.461,0.54,0.107,10,4,0.236,0.531,0,False
697,14,1,Bonobo,Figures,"2017-03-25 - Bonobo (Live PA) @ 6 Music Festival, Glasgow, Scotland",4MSKGtnxTdqIypqwTDY3em,Migration,6.137266666666667,88.857,0.4,0.296,0.184,10,3,0.564,0.13,0,False
698,15,1,Bonobo,Kerala,"2017-03-25 - Bonobo (Live PA) @ 6 Music Festival, Glasgow, Scotland",5DAjrJqXqYtgr67pVhmUeR,Migration,3.9591,124.75,0.739,0.529,0.138,7,4,0.0237,0.607,0,False
699,16,1,Bonobo,Transits,"2017-03-25 - Bonobo (Live PA) @ 6 Music Festival, Glasgow, Scotland",0ewtFuJlY7pxdg4lzCXeQV,The North Borders,4.34185,130.086,0.686,0.668,0.205,4,4,0.424,0.586,0,False
700,17,1,Bonobo,Know You,"2017-03-25 - Bonobo (Live PA) @ 6 Music Festival, Glasgow, Scotland",7rF2bHXc5wa3hM3114pppm,The North Borders,4.088116666666667,126.995,0.702,0.734,0.168,3,4,0.047,0.669,0,False
701,1,1,Chihei Hatakeyama,Prince of the Sea,"2017-11-20 - Bonobo - Outlier Radio, NTS Radio",0brnyKRZKnNngbH444p8cn,Moon Light Reflecting over Mountains,7.660583333333333,76.982,0.349,0.0774,0.0283,0,4,0.628,0.888,1,False
702,2,1,Sudan Archives,Come Meh Way,"2017-11-20 - Bonobo - Outlier Radio, NTS Radio",62wAc90VNxtcNJQJrPaeJQ,Sudan Archives,2.433333333333333,159.983,0.861,0.682,0.742,4,4,0.0738,0.000758,0,False
703,3,1,Zara McFarlane,In Between Worlds,"2017-11-20 - Bonobo - Outlier Radio, NTS Radio",6WgD17ksG7TjNcZuMjhPbe,Arise,4.400383333333333,89.976,0.397,0.56,0.457,0,4,0.392,2.43e-06,1,False
704,4,1,Susso,Alagi,"2017-11-20 - Bonobo - Outlier Radio, NTS Radio",2DUZNA8YavQ06BQyoFvAjx,Keira,4.543183333333333,103.002,0.541,0.829,0.577,9,3,0.399,0.611,0,False
705,5,1,Blue Lab Beats,Pineapple feat. Moses Boyd & Nérija,"2017-11-20 - Bonobo - Outlier Radio, NTS Radio",,,,,,,,,,,,,True
706,6,1,Harmonious Thelonious,Apakapa,"2017-11-20 - Bonobo - Outlier Radio, NTS Radio",5uWTPP6MGprNhbrOyRFy4H,Instrumentals! (A Collection of Outernational Music Studies),5.9028833333333335,109.987,0.945,0.607,0.758,7,4,0.00985,0.898,1,False
707,7,1,"James Holden, The Animal Spirits",Pass Through the Fire,"2017-11-20 - Bonobo - Outlier Radio, NTS Radio",29uvh9AKNiD8CVwxDSWZeD,The Animal Spirits,6.43755,94.025,0.695,0.265,0.422,4,4,0.000219,0.814,0,False
708,8,1,Mammal Hands,Boreal Forest,"2017-11-20 - Bonobo - Outlier Radio, NTS Radio",6rihywZn0l3Gc3ggHrmNis,Shadow Work,5.12575,122.533,0.426,0.282,0.174,1,4,0.394,0.584,1,False
709,9,1,HNNY,Till Dig,"2017-11-20 - Bonobo - Outlier Radio, NTS Radio",2qcPi2BKIrArJ0Cnb06kqC,Ta Paus,3.594333333333333,116.41,0.258,0.593,0.1,10,4,0.863,0.926,0,False
710,10,1,Photay,Inharmonious Slog,"2017-11-20 - Bonobo - Outlier Radio, NTS Radio",23fEf1PfWtRbVSUEizPNjH,Onism,4.333716666666667,115.025,0.492,0.793,0.12,1,4,0.104,0.805,0,False
711,11,1,Lord Echo,Life on Earth,"2017-11-20 - Bonobo - Outlier Radio, NTS Radio",63NVTIRhmet5Py6Qmq5Znv,Harmonies,2.562133333333333,112.421,0.669,0.657,0.778,9,4,0.629,0.843,0,False
712,12,1,George Fitzgerald,Burns,"2017-11-20 - Bonobo - Outlier Radio, NTS Radio",7J8iTj9FU0Mw8VBbGBpFIY,Burns (Edit),3.1791666666666667,120.011,0.609,0.695,0.111,2,4,0.184,0.878,1,False
713,13,1,Kaitlyn Aurelia Smith,I Will Make Room for You (Four Tet Remix),"2017-11-20 - Bonobo - Outlier Radio, NTS Radio",0MUyYLTGossGLHTkHQH65W,I Will Make Room for You (Four Tet Remix),8.291666666666666,119.999,0.661,0.661,0.729,6,1,0.106,0.892,1,False
714,14,1,Matt Karmil,Can't Find It (The House Sound),"2017-11-20 - Bonobo - Outlier Radio, NTS Radio",,,,,,,,,,,,,True
715,15,1,DJ Richard,Path of Ruin (Pain Mix),"2017-11-20 - Bonobo - Outlier Radio, NTS Radio",79GFKFraKaZAqMUdt9g1nG,Path of Ruin,10.794633333333334,123.001,0.712,0.706,0.0477,6,4,2.48e-05,0.864,1,False
716,16,1,Avalon Emerson,One More Fluorescent Rush,"2017-11-20 - Bonobo - Outlier Radio, NTS Radio",0oHp0oW3RhkwBuNSDFY1Jq,Whities 013,6.451066666666667,124.877,0.984,0.612,0.405,10,4,0.00318,0.891,0,False
717,17,1,Lone,Arc,"2017-11-20 - Bonobo - Outlier Radio, NTS Radio",2LJYMv6q9r5iRIibxiRPi2,What It Takes To Move Forward,1.7193166666666666,75.648,0.356,0.625,0.0658,0,4,0.533,0.00122,1,False
718,18,1,DJ Seinfeld,U Hold Me Without Touch,"2017-11-20 - Bonobo - Outlier Radio, NTS Radio",72hNRsk1d6yo98UTzZjZiT,Time Spent Away From U,6.45,127.025,0.707,0.663,0.256,5,4,0.488,0.837,0,False
719,19,1,Bicep,Glue,"2017-11-20 - Bonobo - Outlier Radio, NTS Radio",2aJDlirz6v2a4HREki98cP,Bicep,4.485816666666667,129.983,0.798,0.853,0.42,4,4,0.0158,0.948,0,False
720,20,1,Kiamsmos,Blurred (Bonobo Remix),"2017-11-20 - Bonobo - Outlier Radio, NTS Radio",,,,,,,,,,,,,True
721,21,1,Walton,Praying Mantis,"2017-11-20 - Bonobo - Outlier Radio, NTS Radio",5OnAqnPnW4ME8BUMW8ZRcw,Praying Mantis / Koto Riddim,4.468866666666667,132.001,0.615,0.793,0.15,11,4,0.00265,0.906,1,False
722,22,1,Djrum,Showreel Pt. 2,"2017-11-20 - Bonobo - Outlier Radio, NTS Radio",4Tg0ra2NwFahHXiboKtfPW,"Showreel, Pt. 2",9.023783333333334,92.635,0.787,0.274,0.143,8,3,0.06,0.689,1,False
723,23,1,Appleblim,Sacred Rowan Grove,"2017-11-20 - Bonobo - Outlier Radio, NTS Radio",34bMRysVmX1E2nBu9YjAsh,Displaced Soundtracks,5.373216666666667,120.047,0.905,0.423,0.352,8,4,0.089,0.694,1,False
724,24,1,Agnes Obel,Stretch Your Eyes (Quiet Village Remix),"2017-11-20 - Bonobo - Outlier Radio, NTS Radio",06xHJ8x3p0Kaw1zYfevxSA,Stretch Your Eyes (Quiet Village Remix),9.43655,120.004,0.413,0.579,0.0386,6,4,0.436,0.899,0,False
725,25,1,Penya,Why So Angry,"2017-11-20 - Bonobo - Outlier Radio, NTS Radio",7FLWpgPAF99CZvGcNBGwGU,Super Liminal,4.195516666666666,125.019,0.726,0.7,0.21,6,4,0.195,0.693,0,False
726,26,1,Anenon,Verso,"2017-11-20 - Bonobo - Outlier Radio, NTS Radio",1xvhO2IhKqdWjtUjOVRebg,Tongue,4.952066666666667,136.542,0.45,0.488,0.168,3,4,0.947,0.953,1,False
