,n_track,set_section,artist,track,set_name
0,1,3,Paul Weller , She Speaks [Island],"2010-03-17 - Gilles Peterson, Bonobo - Gilles Peterson Worldwide"
1,2,3,Gonjasufi , Ancestors [Warp],"2010-03-17 - Gilles Peterson, Bonobo - Gilles Peterson Worldwide"
2,3,3,Bamboo , Unknown Track [NEWS],"2010-03-17 - Gilles Peterson, Bonobo - Gilles Peterson Worldwide"
3,4,3,The Observers , Organ Satta],"2010-03-17 - Gilles Peterson, Bonobo - Gilles Peterson Worldwide"
4,5,3,Sharon Jones And The Dap,Kings ,"2010-03-17 - Gilles Peterson, Bonobo - Gilles Peterson Worldwide"
5,1,3,Bonobo , The Keeper Feat. Andreya Triana [Ninja Tune],"2010-03-17 - Gilles Peterson, Bonobo - Gilles Peterson Worldwide"
6,2,3,Bonobo , Eyes Down Feat. Andreya Triana [Ninja Tune],"2010-03-17 - Gilles Peterson, Bonobo - Gilles Peterson Worldwide"
7,3,3,Bonobo , Black Sands [Ninja Tune],"2010-03-17 - Gilles Peterson, Bonobo - Gilles Peterson Worldwide"
8,1,3,Bugge Wesseltoft & Henrick Schwarz , Chamber Music [In Session At Maida Vale],"2010-03-17 - Gilles Peterson, Bonobo - Gilles Peterson Worldwide"
9,2,3,Dressed In Dresden , A Hundred In The Hands (Kyle Hall Remix) [Hyperdub],"2010-03-17 - Gilles Peterson, Bonobo - Gilles Peterson Worldwide"
10,3,3,Kyle Hall , You Know What I Feel [Hyperdub],"2010-03-17 - Gilles Peterson, Bonobo - Gilles Peterson Worldwide"
11,4,3,Flying Lotus , Satellite [Brainfeeder],"2010-03-17 - Gilles Peterson, Bonobo - Gilles Peterson Worldwide"
12,5,3,Pezzner , W'Beezk [Free Range],"2010-03-17 - Gilles Peterson, Bonobo - Gilles Peterson Worldwide"
13,6,3,Cobblestone Jazz , Sun Child [!K7],"2010-03-17 - Gilles Peterson, Bonobo - Gilles Peterson Worldwide"
14,7,3,Scuba , On Deck [Hotflush],"2010-03-17 - Gilles Peterson, Bonobo - Gilles Peterson Worldwide"
15,8,3,King Britt , Blackhand Side [Nervous],"2010-03-17 - Gilles Peterson, Bonobo - Gilles Peterson Worldwide"
16,9,3,J,Rocc ,"2010-03-17 - Gilles Peterson, Bonobo - Gilles Peterson Worldwide"
17,10,3,The Simonsound , Tour De Mars [Project Blue Book],"2010-03-17 - Gilles Peterson, Bonobo - Gilles Peterson Worldwide"
18,11,3,Gonjasufi , Change [Warp],"2010-03-17 - Gilles Peterson, Bonobo - Gilles Peterson Worldwide"
19,12,3,Paul Weller , Pieces Of A Dream [Island],"2010-03-17 - Gilles Peterson, Bonobo - Gilles Peterson Worldwide"
20,13,3,Jamie Lidell , I Wanna Be Your Telephone],"2010-03-17 - Gilles Peterson, Bonobo - Gilles Peterson Worldwide"
21,14,3,Madlib ,Afritonic Part 1 [Stones Throw],"2010-03-17 - Gilles Peterson, Bonobo - Gilles Peterson Worldwide"
22,15,3,The Last Electro,Acoustic Space Jazz & Percussion Ensemble ,"2010-03-17 - Gilles Peterson, Bonobo - Gilles Peterson Worldwide"
23,16,3,Bugge Wesseltoft & Henrick Schwarz , First Track [In Session At Maida Vale],"2010-03-17 - Gilles Peterson, Bonobo - Gilles Peterson Worldwide"
24,17,3,Theo Parrish & Bill Beavers , Can't Keep Running Away [Sound Signature],"2010-03-17 - Gilles Peterson, Bonobo - Gilles Peterson Worldwide"
25,1,7,Zero dB , A Pomba Girou [Ninja Tune],"2010-11-03 - Gilles Peterson, VA - Gilles Peterson Worldwide (20 Years Ninja Tune Special)"
26,2,7,Ty , Wait A Minute [Big Dada],"2010-11-03 - Gilles Peterson, VA - Gilles Peterson Worldwide (20 Years Ninja Tune Special)"
27,3,7,The Herbaliser , Something Wicked [Ninja Tune],"2010-11-03 - Gilles Peterson, VA - Gilles Peterson Worldwide (20 Years Ninja Tune Special)"
28,4,7,Andreya Triana , Lost Where I Belong [Ninja Tune],"2010-11-03 - Gilles Peterson, VA - Gilles Peterson Worldwide (20 Years Ninja Tune Special)"
29,5,7,9 Lazy 9 , Brothers Of The Red [Ninja Tune],"2010-11-03 - Gilles Peterson, VA - Gilles Peterson Worldwide (20 Years Ninja Tune Special)"
30,6,7,Roots Manuva , I'm A New Man [Big Dada],"2010-11-03 - Gilles Peterson, VA - Gilles Peterson Worldwide (20 Years Ninja Tune Special)"
31,7,7,Loka , Tabernacle Part 2 [Ninja Tune],"2010-11-03 - Gilles Peterson, VA - Gilles Peterson Worldwide (20 Years Ninja Tune Special)"
32,8,7,DJ Food , Conciousness (Ashley Beedle Remix) [2 Kool],"2010-11-03 - Gilles Peterson, VA - Gilles Peterson Worldwide (20 Years Ninja Tune Special)"
33,9,7,Homelife , Flying Wonders [Ninja Tune],"2010-11-03 - Gilles Peterson, VA - Gilles Peterson Worldwide (20 Years Ninja Tune Special)"
34,1,7,Quannum Projects , Entropy (Part C ,"2010-11-03 - Gilles Peterson, VA - Gilles Peterson Worldwide (20 Years Ninja Tune Special)"
35,2,7,Dynamic Syncopation , 2 Tha Left [Ninja Tune],"2010-11-03 - Gilles Peterson, VA - Gilles Peterson Worldwide (20 Years Ninja Tune Special)"
36,3,7,Wagon Christ , Boney L [Ninja Tune],"2010-11-03 - Gilles Peterson, VA - Gilles Peterson Worldwide (20 Years Ninja Tune Special)"
37,4,7,DJ Food , Inosan (Black Devil Mix Part 1) [Ninja Tune],"2010-11-03 - Gilles Peterson, VA - Gilles Peterson Worldwide (20 Years Ninja Tune Special)"
38,5,7,London Funk Allstars , Listen To The Beat [Ninja Tune],"2010-11-03 - Gilles Peterson, VA - Gilles Peterson Worldwide (20 Years Ninja Tune Special)"
39,6,7,DJ Food , Sexy Bits (Autechre Aev9 Mix) [Ninja Tune],"2010-11-03 - Gilles Peterson, VA - Gilles Peterson Worldwide (20 Years Ninja Tune Special)"
40,7,7,DJ Food , Strange Taste / Taste Strange [Ninja Tune],"2010-11-03 - Gilles Peterson, VA - Gilles Peterson Worldwide (20 Years Ninja Tune Special)"
41,8,7,The Herbaliser , Scratchy Noise [Ninja Tune],"2010-11-03 - Gilles Peterson, VA - Gilles Peterson Worldwide (20 Years Ninja Tune Special)"
42,9,7,Funki Porcini , Hyde Park [Ninja Tune],"2010-11-03 - Gilles Peterson, VA - Gilles Peterson Worldwide (20 Years Ninja Tune Special)"
43,10,7,DJ Vadim , Relax With Pep (Part 5) [Ninja Tune],"2010-11-03 - Gilles Peterson, VA - Gilles Peterson Worldwide (20 Years Ninja Tune Special)"
44,11,7,DJ Vadim , Relax With Pep (Part 6) [Ninja Tune],"2010-11-03 - Gilles Peterson, VA - Gilles Peterson Worldwide (20 Years Ninja Tune Special)"
45,12,7,Funki Porcini , Purrfect [Ninja Tune],"2010-11-03 - Gilles Peterson, VA - Gilles Peterson Worldwide (20 Years Ninja Tune Special)"
46,13,7,DJ Vadim , This Goes Out [Ninja Tune],"2010-11-03 - Gilles Peterson, VA - Gilles Peterson Worldwide (20 Years Ninja Tune Special)"
47,14,7,DJ Vadim , The Next Shit [Ninja Tune],"2010-11-03 - Gilles Peterson, VA - Gilles Peterson Worldwide (20 Years Ninja Tune Special)"
48,15,7,2 Player , Extreme Possibilities (Wagon Christ Mix) [Ninja Tune],"2010-11-03 - Gilles Peterson, VA - Gilles Peterson Worldwide (20 Years Ninja Tune Special)"
49,16,7,Mr. Scruff , Ug [Ninja Tune],"2010-11-03 - Gilles Peterson, VA - Gilles Peterson Worldwide (20 Years Ninja Tune Special)"
50,1,7,DJ Food , The Crow [Ninja Tune],"2010-11-03 - Gilles Peterson, VA - Gilles Peterson Worldwide (20 Years Ninja Tune Special)"
51,2,7,Coldcut , Say Kids What Time Is It [A Moment Of Your Time],"2010-11-03 - Gilles Peterson, VA - Gilles Peterson Worldwide (20 Years Ninja Tune Special)"
52,3,7,The Herbaliser , Another Mother [Ninja Tune],"2010-11-03 - Gilles Peterson, VA - Gilles Peterson Worldwide (20 Years Ninja Tune Special)"
53,4,7,DJ Vadim , Your Revolution [Ninja Tune],"2010-11-03 - Gilles Peterson, VA - Gilles Peterson Worldwide (20 Years Ninja Tune Special)"
54,5,7,Poirier , 90's Backyard [Ninja Tune],"2010-11-03 - Gilles Peterson, VA - Gilles Peterson Worldwide (20 Years Ninja Tune Special)"
55,6,7,Bang On , Hands High [Ninja Tune],"2010-11-03 - Gilles Peterson, VA - Gilles Peterson Worldwide (20 Years Ninja Tune Special)"
56,7,7,DELS Feat. Ghostpoet , Trumpalump (Joe Goddard Remix) [Big Dada],"2010-11-03 - Gilles Peterson, VA - Gilles Peterson Worldwide (20 Years Ninja Tune Special)"
57,8,7,Fink , Q & A [Ninja Tune],"2010-11-03 - Gilles Peterson, VA - Gilles Peterson Worldwide (20 Years Ninja Tune Special)"
58,1,7,The Cinematic Orchestra , Man With The Movie Camera [Ninja Tune],"2010-11-03 - Gilles Peterson, VA - Gilles Peterson Worldwide (20 Years Ninja Tune Special)"
59,2,7,The Cinematic Orchestra , Diabolous [Ninja Tune],"2010-11-03 - Gilles Peterson, VA - Gilles Peterson Worldwide (20 Years Ninja Tune Special)"
60,1,7,Treva Whateva , Singalong [Ninja Tune],"2010-11-03 - Gilles Peterson, VA - Gilles Peterson Worldwide (20 Years Ninja Tune Special)"
61,2,7,Mr. Scruff & Alice Russell , Music Takes Me Up [Ninja Tune],"2010-11-03 - Gilles Peterson, VA - Gilles Peterson Worldwide (20 Years Ninja Tune Special)"
62,3,7,Mr. Scruff , Blackpool Roll [Ninja Tune],"2010-11-03 - Gilles Peterson, VA - Gilles Peterson Worldwide (20 Years Ninja Tune Special)"
63,4,7,Frank Cunimondo Trio & Lynn Marino , Feeling Good [Mondo],"2010-11-03 - Gilles Peterson, VA - Gilles Peterson Worldwide (20 Years Ninja Tune Special)"
64,5,7,Mr. Scruff , Fish [Ninja Tune],"2010-11-03 - Gilles Peterson, VA - Gilles Peterson Worldwide (20 Years Ninja Tune Special)"
65,6,7,"Up, Bustle & Out ", The Revolutionary Woman Of The Windmill [Ninja Tune],"2010-11-03 - Gilles Peterson, VA - Gilles Peterson Worldwide (20 Years Ninja Tune Special)"
66,7,7,The Sugarhill Gang , 8th Wonder (Pressure Drop Mix) [Castle],"2010-11-03 - Gilles Peterson, VA - Gilles Peterson Worldwide (20 Years Ninja Tune Special)"
67,8,7,Coldcut , Beats & Pieces [Ahead Of Our Time],"2010-11-03 - Gilles Peterson, VA - Gilles Peterson Worldwide (20 Years Ninja Tune Special)"
68,9,7,Mr. Scruff , Champion Nibble [Ninja Tune],"2010-11-03 - Gilles Peterson, VA - Gilles Peterson Worldwide (20 Years Ninja Tune Special)"
69,1,7,Bonobo , The Keeper [Ninja Tune],"2010-11-03 - Gilles Peterson, VA - Gilles Peterson Worldwide (20 Years Ninja Tune Special)"
70,2,7,Bonobo , Black Sands [Ninja Tune],"2010-11-03 - Gilles Peterson, VA - Gilles Peterson Worldwide (20 Years Ninja Tune Special)"
71,1,7,Neptune , Soul Pride [Ninja Tune],"2010-11-03 - Gilles Peterson, VA - Gilles Peterson Worldwide (20 Years Ninja Tune Special)"
72,2,7,Skalpel , 1958 [Ninja Tune],"2010-11-03 - Gilles Peterson, VA - Gilles Peterson Worldwide (20 Years Ninja Tune Special)"
73,3,7,Speech Debelle , Better Days [Big Dada],"2010-11-03 - Gilles Peterson, VA - Gilles Peterson Worldwide (20 Years Ninja Tune Special)"
74,4,7,Diplo , Big Lost [Big Dada],"2010-11-03 - Gilles Peterson, VA - Gilles Peterson Worldwide (20 Years Ninja Tune Special)"
75,5,7,Kid Koala , More Dance Music [Ninja Tune],"2010-11-03 - Gilles Peterson, VA - Gilles Peterson Worldwide (20 Years Ninja Tune Special)"
76,6,7,Toddla T Feat. Ms Dynamite & Silver Tone , Fly [Ninja Tune],"2010-11-03 - Gilles Peterson, VA - Gilles Peterson Worldwide (20 Years Ninja Tune Special)"
77,7,7,The Cinematic Orchestra , All Things To All Men [Ninja Tune],"2010-11-03 - Gilles Peterson, VA - Gilles Peterson Worldwide (20 Years Ninja Tune Special)"
78,1,4,Seams , Hung Markets [Pictures],"2012-01-06 - Bonobo, Jack The Hustler, DK - Solid Steel"
79,2,4,NuFrequency , Fallen Hero (Motor City Drum Ensemble Remix) [Rebirth],"2012-01-06 - Bonobo, Jack The Hustler, DK - Solid Steel"
80,3,4,Jamie Woon , Night Air (Ramadanman Refix) [Candent Songs],"2012-01-06 - Bonobo, Jack The Hustler, DK - Solid Steel"
81,4,4,DJ Medhi , Pocket Piano [Ed Banger],"2012-01-06 - Bonobo, Jack The Hustler, DK - Solid Steel"
82,5,4,Bullion , You Drive Me To Plastic [Young Turks],"2012-01-06 - Bonobo, Jack The Hustler, DK - Solid Steel"
83,6,4,Bonobo , We Could Forever (Bonobo 808 Mix) [Ninja Tune],"2012-01-06 - Bonobo, Jack The Hustler, DK - Solid Steel"
84,7,4,Sect , Man Of Wisdom [Culprit],"2012-01-06 - Bonobo, Jack The Hustler, DK - Solid Steel"
85,8,4,Nickodemus , Conmigo (Es E Remix) [Wonderwheel],"2012-01-06 - Bonobo, Jack The Hustler, DK - Solid Steel"
86,9,4,Floating Points , Arp3 [Eglo],"2012-01-06 - Bonobo, Jack The Hustler, DK - Solid Steel"
87,10,4,Dauwd , Ikopol [Pictures],"2012-01-06 - Bonobo, Jack The Hustler, DK - Solid Steel"
88,1,4,Teebs , Jahara [Brainfeeder],"2012-01-06 - Bonobo, Jack The Hustler, DK - Solid Steel"
89,2,4,Juk Juk , Winter Turn Spring [Text],"2012-01-06 - Bonobo, Jack The Hustler, DK - Solid Steel"
90,3,4,Fourtet , Locked [Text],"2012-01-06 - Bonobo, Jack The Hustler, DK - Solid Steel"
91,4,4,Eliphino , L.F. (I Know) [Somethinksounds],"2012-01-06 - Bonobo, Jack The Hustler, DK - Solid Steel"
92,5,4,Falty Dl , The Sale Ends [Ninja Tune],"2012-01-06 - Bonobo, Jack The Hustler, DK - Solid Steel"
93,6,4,Blawan , Potchla Vee [Hessle Audio],"2012-01-06 - Bonobo, Jack The Hustler, DK - Solid Steel"
94,7,4,Jack Dixon , Coconuts [Hot Biscuits],"2012-01-06 - Bonobo, Jack The Hustler, DK - Solid Steel"
95,8,4,Mosca , Bax [Numbers],"2012-01-06 - Bonobo, Jack The Hustler, DK - Solid Steel"
96,9,4,Koreless , 4D [Pictures],"2012-01-06 - Bonobo, Jack The Hustler, DK - Solid Steel"
97,10,4,Ifan Dafydd , Miranda [Push & Run],"2012-01-06 - Bonobo, Jack The Hustler, DK - Solid Steel"
98,11,4,Sepalcure , Pencil Pimp [Hotflush],"2012-01-06 - Bonobo, Jack The Hustler, DK - Solid Steel"
99,1,4,Kastle , Could U Want Me (Chaos In The Cbd Remix) [Silverback],"2012-01-06 - Bonobo, Jack The Hustler, DK - Solid Steel"
100,2,4,Erykah Badu , On And On (Look Like Remix),"2012-01-06 - Bonobo, Jack The Hustler, DK - Solid Steel"
101,3,4,Medlar , Terrell (Bicep's Brooklyn Shuffle) [Wolf],"2012-01-06 - Bonobo, Jack The Hustler, DK - Solid Steel"
102,4,4,Mosca , Dom Perignon [3024],"2012-01-06 - Bonobo, Jack The Hustler, DK - Solid Steel"
103,5,4,James Fox , Close Your Eyes,"2012-01-06 - Bonobo, Jack The Hustler, DK - Solid Steel"
104,6,4,Tittsworth , Tear The Club (Steve Starks Remix) [Plant],"2012-01-06 - Bonobo, Jack The Hustler, DK - Solid Steel"
105,7,4,Breach , Fatherless (Vip) [Ramp],"2012-01-06 - Bonobo, Jack The Hustler, DK - Solid Steel"
106,8,4,Pasteman , The Movement,"2012-01-06 - Bonobo, Jack The Hustler, DK - Solid Steel"
107,9,4,Jack The Hustler , Slow Down [Overcooked],"2012-01-06 - Bonobo, Jack The Hustler, DK - Solid Steel"
108,10,4,Jack The Hustler , Run Up (Twist It! Remix) [Overcooked],"2012-01-06 - Bonobo, Jack The Hustler, DK - Solid Steel"
109,11,4,Sound Pellegrino Thermal Team , Bassface (Dazed Remix),"2012-01-06 - Bonobo, Jack The Hustler, DK - Solid Steel"
110,12,4,Say Dubai , Bum (Kill Light Remix) [No Brainer],"2012-01-06 - Bonobo, Jack The Hustler, DK - Solid Steel"
111,13,4,Dmndays , Show Em,"2012-01-06 - Bonobo, Jack The Hustler, DK - Solid Steel"
112,14,4,Doctor Jeep , Whoomp,"2012-01-06 - Bonobo, Jack The Hustler, DK - Solid Steel"
113,15,4,Chez Damier , Can U Feel It (Mk Dub) [Kms],"2012-01-06 - Bonobo, Jack The Hustler, DK - Solid Steel"
114,1,4,Plug , Mind Bending [Ninja Tune],"2012-01-06 - Bonobo, Jack The Hustler, DK - Solid Steel"
115,2,4,Plug , Drum N Bass [Ninja Tune],"2012-01-06 - Bonobo, Jack The Hustler, DK - Solid Steel"
116,3,4,Plug , Come On My Skeleton [Ninja Tune],"2012-01-06 - Bonobo, Jack The Hustler, DK - Solid Steel"
117,4,4,Plug , No Reality [Ninja Tune],"2012-01-06 - Bonobo, Jack The Hustler, DK - Solid Steel"
118,5,4,Plug , Back On Time [Ninja Tune],"2012-01-06 - Bonobo, Jack The Hustler, DK - Solid Steel"
119,6,4,Plug , Flight 78 [Ninja Tune],"2012-01-06 - Bonobo, Jack The Hustler, DK - Solid Steel"
120,7,4,Plug , Feeling So Special [Ninja Tune],"2012-01-06 - Bonobo, Jack The Hustler, DK - Solid Steel"
121,8,4,Plug , Scar City [Ninja Tune],"2012-01-06 - Bonobo, Jack The Hustler, DK - Solid Steel"
122,9,4,Plug , A Quick Plug For A New Slot [Ninja Tune],"2012-01-06 - Bonobo, Jack The Hustler, DK - Solid Steel"
123,10,4,Plug , Yes Man [Ninja Tune],"2012-01-06 - Bonobo, Jack The Hustler, DK - Solid Steel"
124,1,1,[00] Bonobo , Cirrus,2012-02-08 - Bonobo @ Boiler Room 77 - Ninja Tune Takeover
125,2,1,[05] Eliphino , More Than Me,2012-02-08 - Bonobo @ Boiler Room 77 - Ninja Tune Takeover
126,3,1,[08] FaltyDL , Straight And Arrow,2012-02-08 - Bonobo @ Boiler Room 77 - Ninja Tune Takeover
127,4,1,[10] Rocketnumbernine , Matthew And Toby (Four Tet Remix) [Text ,2012-02-08 - Bonobo @ Boiler Room 77 - Ninja Tune Takeover
128,5,1,[16] Bonobo , Sapphire,2012-02-08 - Bonobo @ Boiler Room 77 - Ninja Tune Takeover
129,6,1,[20] Dauwd , What's There,2012-02-08 - Bonobo @ Boiler Room 77 - Ninja Tune Takeover
130,7,1,[23] Bonobo , Kiara (Cosmin TRG Remix),2012-02-08 - Bonobo @ Boiler Room 77 - Ninja Tune Takeover
131,8,1,[26] Throwing Snow , Pyre,2012-02-08 - Bonobo @ Boiler Room 77 - Ninja Tune Takeover
132,9,1,[30] Floating Points , ARP3,2012-02-08 - Bonobo @ Boiler Room 77 - Ninja Tune Takeover
133,10,1,[34] Bonobo , All In Forms (Mike Slott Remix),2012-02-08 - Bonobo @ Boiler Room 77 - Ninja Tune Takeover
134,11,1,[38] Bonobo Feat. Triana , Eyesdown (Machinedrum Remix),2012-02-08 - Bonobo @ Boiler Room 77 - Ninja Tune Takeover
135,12,1,[44] Mosca , Bax [Numbers ,2012-02-08 - Bonobo @ Boiler Room 77 - Ninja Tune Takeover
136,1,4,Seams , Hung Markets [Pictures],2012-02-13 - Bonobo - Solid Steel Podcast 141
137,2,4,NuFrequency , Fallen Hero (Motor City Drum Ensemble Remix) [Rebirth],2012-02-13 - Bonobo - Solid Steel Podcast 141
138,3,4,Jamie Woon , Night Air (Ramadanman Refix) [Candent Songs],2012-02-13 - Bonobo - Solid Steel Podcast 141
139,4,4,DJ Medhi , Pocket Piano [Ed Banger],2012-02-13 - Bonobo - Solid Steel Podcast 141
140,5,4,Bullion , You Drive Me To Plastic [Young Turks],2012-02-13 - Bonobo - Solid Steel Podcast 141
141,6,4,Bonobo , We Could Forever (Bonobo 808 Mix) [Ninja Tune],2012-02-13 - Bonobo - Solid Steel Podcast 141
142,7,4,Sect , Man Of Wisdom [Culprit],2012-02-13 - Bonobo - Solid Steel Podcast 141
143,8,4,Nickodemus , Conmigo (Es E Remix) [Wonderwheel],2012-02-13 - Bonobo - Solid Steel Podcast 141
144,9,4,Floating Points , Arp3 [Eglo],2012-02-13 - Bonobo - Solid Steel Podcast 141
145,10,4,Dauwd , Ikopol [Pictures],2012-02-13 - Bonobo - Solid Steel Podcast 141
146,1,4,Teebs , Jahara [Brainfeeder],2012-02-13 - Bonobo - Solid Steel Podcast 141
147,2,4,Juk Juk , Winter Turn Spring [Text],2012-02-13 - Bonobo - Solid Steel Podcast 141
148,3,4,Fourtet , Locked [Text],2012-02-13 - Bonobo - Solid Steel Podcast 141
149,4,4,Eliphino , L.F. (I Know) [Somethinksounds],2012-02-13 - Bonobo - Solid Steel Podcast 141
150,5,4,Falty Dl , The Sale Ends [Ninja Tune],2012-02-13 - Bonobo - Solid Steel Podcast 141
151,6,4,Blawan , Potchla Vee [Hessle Audio],2012-02-13 - Bonobo - Solid Steel Podcast 141
152,7,4,Jack Dixon , Coconuts [Hot Biscuits],2012-02-13 - Bonobo - Solid Steel Podcast 141
153,8,4,Mosca , Bax [Numbers],2012-02-13 - Bonobo - Solid Steel Podcast 141
154,9,4,Koreless , 4D [Pictures],2012-02-13 - Bonobo - Solid Steel Podcast 141
155,10,4,Ifan Dafydd , Miranda [Push & Run],2012-02-13 - Bonobo - Solid Steel Podcast 141
156,11,4,Sepalcure , Pencil Pimp [Hotflush],2012-02-13 - Bonobo - Solid Steel Podcast 141
157,1,4,Kastle , Could U Want Me (Chaos In The Cbd Remix) [Silverback],2012-02-13 - Bonobo - Solid Steel Podcast 141
158,2,4,Erykah Badu , On And On (Look Like Remix),2012-02-13 - Bonobo - Solid Steel Podcast 141
159,3,4,Medlar , Terrell (Bicep's Brooklyn Shuffle) [Wolf],2012-02-13 - Bonobo - Solid Steel Podcast 141
160,4,4,Mosca , Dom Perignon [3024],2012-02-13 - Bonobo - Solid Steel Podcast 141
161,5,4,James Fox , Close Your Eyes,2012-02-13 - Bonobo - Solid Steel Podcast 141
162,6,4,Tittsworth , Tear The Club (Steve Starks Remix) [Plant],2012-02-13 - Bonobo - Solid Steel Podcast 141
163,7,4,Breach , Fatherless (Vip) [Ramp],2012-02-13 - Bonobo - Solid Steel Podcast 141
164,8,4,Pasteman , The Movement,2012-02-13 - Bonobo - Solid Steel Podcast 141
165,9,4,Jack The Hustler , Slow Down [Overcooked],2012-02-13 - Bonobo - Solid Steel Podcast 141
166,10,4,Jack The Hustler , Run Up (Twist It! Remix) [Overcooked],2012-02-13 - Bonobo - Solid Steel Podcast 141
167,11,4,Sound Pellegrino Thermal Team , Bassface (Dazed Remix),2012-02-13 - Bonobo - Solid Steel Podcast 141
168,12,4,Say Dubai , Bum (Kill Light Remix) [No Brainer],2012-02-13 - Bonobo - Solid Steel Podcast 141
169,13,4,Dmndays , Show Em,2012-02-13 - Bonobo - Solid Steel Podcast 141
170,14,4,Doctor Jeep , Whoomp,2012-02-13 - Bonobo - Solid Steel Podcast 141
171,15,4,Chez Damier , Can U Feel It (Mk Dub) [Kms],2012-02-13 - Bonobo - Solid Steel Podcast 141
172,1,4,Plug , Mind Bending [Ninja Tune],2012-02-13 - Bonobo - Solid Steel Podcast 141
173,2,4,Plug , Drum N Bass [Ninja Tune],2012-02-13 - Bonobo - Solid Steel Podcast 141
174,3,4,Plug , Come On My Skeleton [Ninja Tune],2012-02-13 - Bonobo - Solid Steel Podcast 141
175,4,4,Plug , No Reality [Ninja Tune],2012-02-13 - Bonobo - Solid Steel Podcast 141
176,5,4,Plug , Back On Time [Ninja Tune],2012-02-13 - Bonobo - Solid Steel Podcast 141
177,6,4,Plug , Flight 78 [Ninja Tune],2012-02-13 - Bonobo - Solid Steel Podcast 141
178,7,4,Plug , Feeling So Special [Ninja Tune],2012-02-13 - Bonobo - Solid Steel Podcast 141
179,8,4,Plug , Scar City [Ninja Tune],2012-02-13 - Bonobo - Solid Steel Podcast 141
180,9,4,Plug , A Quick Plug For A New Slot [Ninja Tune],2012-02-13 - Bonobo - Solid Steel Podcast 141
181,10,4,Plug , Yes Man [Ninja Tune],2012-02-13 - Bonobo - Solid Steel Podcast 141
182,1,4,Lone , Airglow Fires [R&S],"2013-06-01 - Gilles Peterson, Bonobo (Maida Vale) - Gilles Peterson Worldwide"
183,2,4,Diego Barber , Poncho [Origin],"2013-06-01 - Gilles Peterson, Bonobo (Maida Vale) - Gilles Peterson Worldwide"
184,3,4,Go Yamma , Do The Astral Plane [Self Release],"2013-06-01 - Gilles Peterson, Bonobo (Maida Vale) - Gilles Peterson Worldwide"
185,4,4,Bill Withers , Holler Harlem (Special Edit),"2013-06-01 - Gilles Peterson, Bonobo (Maida Vale) - Gilles Peterson Worldwide"
186,5,4,Jacques Brel , L'emmerdeur (Juice & The Wild Edit),"2013-06-01 - Gilles Peterson, Bonobo (Maida Vale) - Gilles Peterson Worldwide"
187,6,4,Cecilia , Lost Little Thing [CBS],"2013-06-01 - Gilles Peterson, Bonobo (Maida Vale) - Gilles Peterson Worldwide"
188,7,4,Portishead , Undenied [Go! Beat],"2013-06-01 - Gilles Peterson, Bonobo (Maida Vale) - Gilles Peterson Worldwide"
189,8,4,YoggyOne , Paper Airplane To Bestown [Eklektik],"2013-06-01 - Gilles Peterson, Bonobo (Maida Vale) - Gilles Peterson Worldwide"
190,9,4,Rhye , The Fall (Little Dragon On Rhye),"2013-06-01 - Gilles Peterson, Bonobo (Maida Vale) - Gilles Peterson Worldwide"
191,10,4,Dexter Story Feat. Jimetta Rose , Underway [Kindred Spritis],"2013-06-01 - Gilles Peterson, Bonobo (Maida Vale) - Gilles Peterson Worldwide"
192,11,4,The Decoders , Black Gold Of The Sun [Wax Poetics],"2013-06-01 - Gilles Peterson, Bonobo (Maida Vale) - Gilles Peterson Worldwide"
193,12,4,"Earth, Wind & Fire ", Africano [Columbia],"2013-06-01 - Gilles Peterson, Bonobo (Maida Vale) - Gilles Peterson Worldwide"
194,13,4,Uproot Andy , El Botellon [Bersa Discos],"2013-06-01 - Gilles Peterson, Bonobo (Maida Vale) - Gilles Peterson Worldwide"
195,14,4,Banda Westfalica , Carimbo,"2013-06-01 - Gilles Peterson, Bonobo (Maida Vale) - Gilles Peterson Worldwide"
196,15,4,The Binary Cumbia Orchestra , Gigante (Self Release) [Bandcamp],"2013-06-01 - Gilles Peterson, Bonobo (Maida Vale) - Gilles Peterson Worldwide"
197,16,4,Faze,O ,"2013-06-01 - Gilles Peterson, Bonobo (Maida Vale) - Gilles Peterson Worldwide"
198,17,4,Giorgio Moroder , Tears (Mixter Pan Cumbia Mix) [Secret Waltz Club],"2013-06-01 - Gilles Peterson, Bonobo (Maida Vale) - Gilles Peterson Worldwide"
199,18,4,Gisli , I Keep Hearing (Jazzbax Remix),"2013-06-01 - Gilles Peterson, Bonobo (Maida Vale) - Gilles Peterson Worldwide"
200,19,4,Darkstar , Young Hearts [Warp],"2013-06-01 - Gilles Peterson, Bonobo (Maida Vale) - Gilles Peterson Worldwide"
201,20,4,The Latin Jazz Quintet , Rip A Dip [Prestige],"2013-06-01 - Gilles Peterson, Bonobo (Maida Vale) - Gilles Peterson Worldwide"
202,21,4,Talk In Colour , Candles (Crewdson Remix),"2013-06-01 - Gilles Peterson, Bonobo (Maida Vale) - Gilles Peterson Worldwide"
203,22,4,William Adamson , Foggy Dew (Crewdson Remix),"2013-06-01 - Gilles Peterson, Bonobo (Maida Vale) - Gilles Peterson Worldwide"
204,23,4,Bonobo , Cirrrus [Ninja Tune],"2013-06-01 - Gilles Peterson, Bonobo (Maida Vale) - Gilles Peterson Worldwide"
205,24,4,Grey Reverend , Fate,"2013-06-01 - Gilles Peterson, Bonobo (Maida Vale) - Gilles Peterson Worldwide"
206,1,4,Bonobo Feat. Grey Reverend , First Fires,"2013-06-01 - Gilles Peterson, Bonobo (Maida Vale) - Gilles Peterson Worldwide"
207,1,4,Heidi Vogel , Black Narcissus (Cinematic Orchestra Remix) (Far Out,"2013-06-01 - Gilles Peterson, Bonobo (Maida Vale) - Gilles Peterson Worldwide"
208,1,4,Bonobo Feat. Szjedene , Towers,"2013-06-01 - Gilles Peterson, Bonobo (Maida Vale) - Gilles Peterson Worldwide"
209,2,4,Szjerdene , If 6 Was 8 [Plug Research],"2013-06-01 - Gilles Peterson, Bonobo (Maida Vale) - Gilles Peterson Worldwide"
210,3,4,Mulgrew Miller , Saud's Run [Landmark],"2013-06-01 - Gilles Peterson, Bonobo (Maida Vale) - Gilles Peterson Worldwide"
211,4,4,Charles Murphy , The Foot That's Holdin' Me Down [Nobc],"2013-06-01 - Gilles Peterson, Bonobo (Maida Vale) - Gilles Peterson Worldwide"
212,5,4,The Last Poets , Bird's Word [Blue Thumb],"2013-06-01 - Gilles Peterson, Bonobo (Maida Vale) - Gilles Peterson Worldwide"
213,6,4,Herbie Hancock , Berangere's Nightmare [Columbia],"2013-06-01 - Gilles Peterson, Bonobo (Maida Vale) - Gilles Peterson Worldwide"
214,7,4,Sun Ra , Travel The Spaceways [Saturn],"2013-06-01 - Gilles Peterson, Bonobo (Maida Vale) - Gilles Peterson Worldwide"
215,8,4,Kool And Kass , Peaceful Solution [Bandcamp],"2013-06-01 - Gilles Peterson, Bonobo (Maida Vale) - Gilles Peterson Worldwide"
216,9,4,The Gene Dudley Group , The New Lots Of Cooperstown [Wah Wah 45s],"2013-06-01 - Gilles Peterson, Bonobo (Maida Vale) - Gilles Peterson Worldwide"
217,10,4,The Modulations , Rough Out Here [Som Livre],"2013-06-01 - Gilles Peterson, Bonobo (Maida Vale) - Gilles Peterson Worldwide"
218,11,4,Disclosure , When The Fire Starts To Burn [Pmr],"2013-06-01 - Gilles Peterson, Bonobo (Maida Vale) - Gilles Peterson Worldwide"
219,12,4,Walton , Baby [Hyperdub],"2013-06-01 - Gilles Peterson, Bonobo (Maida Vale) - Gilles Peterson Worldwide"
220,13,4,Stray , La Zoom [Exit],"2013-06-01 - Gilles Peterson, Bonobo (Maida Vale) - Gilles Peterson Worldwide"
221,14,4,Luiz Carlos Vinhas , Tanganica [Far Out],"2013-06-01 - Gilles Peterson, Bonobo (Maida Vale) - Gilles Peterson Worldwide"
222,15,4,Free The Robots , Take It Slow [Origin],"2013-06-01 - Gilles Peterson, Bonobo (Maida Vale) - Gilles Peterson Worldwide"
223,1,1,[00] Dustin O'Halloran , An Ending A Beginning [Late Night Tales ,"2013-12-08 - Bonobo - Liquid Radio, FM4"
224,2,1,[03] Khruangbin , A Calf Born In Winter [Late Night Tales ,"2013-12-08 - Bonobo - Liquid Radio, FM4"
225,3,1,[06] Bonobo , Get Thy Bearings [Late Night Tales ,"2013-12-08 - Bonobo - Liquid Radio, FM4"
226,4,1,[09] Darondo , Didn't I [Late Night Tales ,"2013-12-08 - Bonobo - Liquid Radio, FM4"
227,5,1,[12] Nina Simone , Baltimore [Late Night Tales ,"2013-12-08 - Bonobo - Liquid Radio, FM4"
228,6,1,[17] Hypnotic Brass Ensemble , Flipside [Late Night Tales ,"2013-12-08 - Bonobo - Liquid Radio, FM4"
229,7,1,[19] Menehan Street Band , The Traitor [Late Night Tales ,"2013-12-08 - Bonobo - Liquid Radio, FM4"
230,8,1,[21] Andrew Ashong & Theo Parrish , Flowers [Sound Signature ,"2013-12-08 - Bonobo - Liquid Radio, FM4"
231,9,1,[28] Romare , Down The Line (It Takes A Number) [Late Night Tales ,"2013-12-08 - Bonobo - Liquid Radio, FM4"
232,10,1,[30] Shlohmo , Places [FoF ,"2013-12-08 - Bonobo - Liquid Radio, FM4"
233,11,1,[33] Lapalux , Gutter Glitter [Late Night Tales ,"2013-12-08 - Bonobo - Liquid Radio, FM4"
234,12,1,[36] The Invisible , Wings (Floating Points Remix) [Ninja Tune ,"2013-12-08 - Bonobo - Liquid Radio, FM4"
235,13,1,[40] Badbadnotgood , Hedron [Late Night Tales ,"2013-12-08 - Bonobo - Liquid Radio, FM4"
236,14,1,[42] Matthew Bourne , VIII. Juliet [Late Night Tales ,"2013-12-08 - Bonobo - Liquid Radio, FM4"
237,15,1,[45] Airhead , South Congress [Late Night Tales ,"2013-12-08 - Bonobo - Liquid Radio, FM4"
238,16,1,[49] Matthew Halsall , Sailing Out To Sea [Late Night Tales ,"2013-12-08 - Bonobo - Liquid Radio, FM4"
239,17,1,[50] Dorothy Ashby , Essence Of Sapphire [Late Night Tales ,"2013-12-08 - Bonobo - Liquid Radio, FM4"
240,18,1,[54] Peter & Kerry , One Thing [Late Night Tales ,"2013-12-08 - Bonobo - Liquid Radio, FM4"
241,19,1,[57] Eddi Front , Gigantic [Best Fit ,"2013-12-08 - Bonobo - Liquid Radio, FM4"
242,1,4,Diesler , Sandcastles [Tru Thoughts],2013-12-27 - VA - Solid Steel
243,2,4,Bonobo , Flutter [Ninja Tune],2013-12-27 - VA - Solid Steel
244,3,4,The Breeders , Cannonball [4ad],2013-12-27 - VA - Solid Steel
245,4,4,Gang Of Four , Not For Great Men (Bonobo Edit) [World Domination],2013-12-27 - VA - Solid Steel
246,5,4,Bonobo , Pickup [Ninja Tune],2013-12-27 - VA - Solid Steel
247,6,4,Flevans , Hey Mr. Bundle [Tru Thoughts],2013-12-27 - VA - Solid Steel
248,7,4,Black Grass , Score [Catskills],2013-12-27 - VA - Solid Steel
249,8,4,Solid Steel Players , Les Fingres [Ninja Tune],2013-12-27 - VA - Solid Steel
250,9,4,Context , If I Had A Band,2013-12-27 - VA - Solid Steel
251,10,4,All Good Funk Alliance , Swing South [Funk Weapons],2013-12-27 - VA - Solid Steel
252,11,4,Belgradeyard Sound System , Munchies [Cosmic Sounds],2013-12-27 - VA - Solid Steel
253,12,4,Paul Murphy , Soul Call [Afro Art],2013-12-27 - VA - Solid Steel
254,13,4,King Seven , Hidden [Camshot],2013-12-27 - VA - Solid Steel
255,14,4,Bonobo , Recuring [Ninja Tune],2013-12-27 - VA - Solid Steel
256,15,4,Bonobo , Changedown / Sugar Rhym [Ninja Tune],2013-12-27 - VA - Solid Steel
257,16,4,Nat Aderley , Soul Zodiac [Capitol],2013-12-27 - VA - Solid Steel
258,17,4,Pharoah Saunders , Black Unity (Edit) [Impulse],2013-12-27 - VA - Solid Steel
259,18,4,Ko:os & Cell , Skit,2013-12-27 - VA - Solid Steel
260,19,4,Hugo Maldoro , I Know A Little Mexican [C,2013-12-27 - VA - Solid Steel
261,20,4,Hu Vibrational , Locomotion [Soul Jazz],2013-12-27 - VA - Solid Steel
262,21,4,Honey And The Bees Band , Psychedelic Woman (Bonobo Mix) [Sound Way],2013-12-27 - VA - Solid Steel
263,22,4,Dubben , Cuba Cabana Strand [Gamm],2013-12-27 - VA - Solid Steel
264,23,4,Recloose , Manas Bounce [Peacefrog],2013-12-27 - VA - Solid Steel
265,24,4,Kidkanevil , SummthinÕ Better,2013-12-27 - VA - Solid Steel
266,25,4,Life Boogie , Nina Cares,2013-12-27 - VA - Solid Steel
267,26,4,Ennio Styles , Belladonna [Irma],2013-12-27 - VA - Solid Steel
268,27,4,Max Cole , Mo High [Wahwah],2013-12-27 - VA - Solid Steel
269,28,4,Alice Russell , Fly In The Hand [Tru Thoughts],2013-12-27 - VA - Solid Steel
270,29,4,Elmore Judd , Otherley Love,2013-12-27 - VA - Solid Steel
271,30,4,Jazz Juice , Marra Bossa,2013-12-27 - VA - Solid Steel
272,31,4,Qso , San Sebastian Strut [Tru Thoughts],2013-12-27 - VA - Solid Steel
273,32,4,B A Barakus Band , Mama Said Knock You Out,2013-12-27 - VA - Solid Steel
274,33,4,Omniverse Productions , Latin Gold [Marc Mac],2013-12-27 - VA - Solid Steel
275,1,4,Joy Orbison , Hyph Mngo [Hotflush],2013-12-27 - VA - Solid Steel
276,2,4,+ Juice Aleem , First Lesson (Acapella) [Big Dada],2013-12-27 - VA - Solid Steel
277,3,4,Kidkanevil , The Floating World (Eliphino Remix) [First Word],2013-12-27 - VA - Solid Steel
278,4,4,Maddslinky Feat. Omar , Special (Toddla T Remix) [Tru Thoughts],2013-12-27 - VA - Solid Steel
279,5,4,Ramadanman , Workthem [Swamp 81],2013-12-27 - VA - Solid Steel
280,6,4,Dreadsquad & Lady Chann , Money Ah Dem God (P,2013-12-27 - VA - Solid Steel
281,7,4,Coldcut & Hexstatic , Timber (Seiji Remix) [Ninja Tune],2013-12-27 - VA - Solid Steel
282,8,4,Bonobo , Eyesdown (Warrior One Remix) [Ninja Tune],2013-12-27 - VA - Solid Steel
283,9,4,Thunderheist , Jerk It [Big Dada],2013-12-27 - VA - Solid Steel
284,10,4,Jammer , One Over Me [Big Dada],2013-12-27 - VA - Solid Steel
285,11,4,Hexstatic , Distorted Minds (Zero dB Remix) [Ninja Tune],2013-12-27 - VA - Solid Steel
286,12,4,Caribou , Sun (Altrice Remix) [City Slang],2013-12-27 - VA - Solid Steel
287,13,4,James Blake , Limit To Your Love [Atlas],2013-12-27 - VA - Solid Steel
288,14,4,Bassnectar , Cozza Frenzy (Bassnectar Mega,2013-12-27 - VA - Solid Steel
289,15,4,MJ Cole , Sincere (Nero Remix) [Prolific],2013-12-27 - VA - Solid Steel
290,16,4,George Lenton , Cold Rocker [Wicky Lindows],2013-12-27 - VA - Solid Steel
291,17,4,Marco Del Horno V Swerve Feat. P,Money ,2013-12-27 - VA - Solid Steel
292,18,4,Dyme Def , Do Something (Inst) [800 Lb],2013-12-27 - VA - Solid Steel
293,19,4,Gil Scott,Heron ,2013-12-27 - VA - Solid Steel
294,20,4,Coldcut , More Beats & Pieces (Us Of Audio Remix) [Ninja Tune],2013-12-27 - VA - Solid Steel
295,21,4,Ghislain Poirier , Blazin' (Modeselektor Remix) [Ninja Tune],2013-12-27 - VA - Solid Steel
296,22,4,The Bug , Poison Dart [Ninja Tune],2013-12-27 - VA - Solid Steel
297,23,4,Alborosie , Kingston Town (Bassnectar Remix) [Moonshine],2013-12-27 - VA - Solid Steel
298,24,4,Dead Prez & W.T.F. , It's Bigger Than Hip Hop UK [Breakbeat Kaos],2013-12-27 - VA - Solid Steel
299,25,4,Racknruin , Soundclash [Black Butter],2013-12-27 - VA - Solid Steel
300,26,4,Big Daddy Kane , Raw [Prism],2013-12-27 - VA - Solid Steel
301,27,4,Vent , Guilty [Hardcore Beats],2013-12-27 - VA - Solid Steel
302,28,4,Eric B & Rakim , Follow The Leader [Uni],2013-12-27 - VA - Solid Steel
303,29,4,Tom Central & Kaitain , Akama [Keep Up!],2013-12-27 - VA - Solid Steel
304,30,4,Slim , It's In The Mix [D.E.T.T.],2013-12-27 - VA - Solid Steel
305,31,4,The Beatles , Come Together (A.Skillz Remix),2013-12-27 - VA - Solid Steel
306,32,4,Bassnectar , Basshead [Amorphous],2013-12-27 - VA - Solid Steel
307,33,4,Mistabishi , Printer Jam [Hospital],2013-12-27 - VA - Solid Steel
308,34,4,DJ Vadim , The Terrorist (Mir Crew Remix) [Ninja Tune],2013-12-27 - VA - Solid Steel
309,35,4,Zinc Feat. Ms Dynamite , Wile Out (DJ Marky Remix) [Bingo Bass],2013-12-27 - VA - Solid Steel
310,36,4,James Brown , Sunny (Regrooved By Featurecast) [Good Groove],2013-12-27 - VA - Solid Steel
311,37,4,Andreya Triana , Lost Where I Belong (Flying Lotus Remix) [Ninja Tune],2013-12-27 - VA - Solid Steel
312,1,4,Philorene , Bola [Organico],2013-12-27 - VA - Solid Steel
313,2,4,The Truper , Street Beats Vol 2 [Streetbeats],2013-12-27 - VA - Solid Steel
314,3,4,Junior Reid , One Blood [Ir],2013-12-27 - VA - Solid Steel
315,4,4,Newcleus , Jam On Revenge [Sunnyview],2013-12-27 - VA - Solid Steel
316,5,4,2 Player , Extreme Possibilities (Wagon Christ Mix) [Ninja Tune],2013-12-27 - VA - Solid Steel
317,6,4,Funki Porcini , King Ashabanapal (Dillinger Mix) [Ninja Tune],2013-12-27 - VA - Solid Steel
318,7,4,Jedi Knights , Noddy Holder [Universal Language],2013-12-27 - VA - Solid Steel
319,8,4,Plasticman , Fuk [Mute],2013-12-27 - VA - Solid Steel
320,9,4,Coldcut , Mo Beats [Ahead Of Our Time],2013-12-27 - VA - Solid Steel
321,10,4,Bedouin Ascent , Manganese In Deep Violet [Rising High],2013-12-27 - VA - Solid Steel
322,11,4,Bob Holroyd , African Drug [Six Degrees],2013-12-27 - VA - Solid Steel
323,12,4,Leftfield , Original Jam [Hard Hands],2013-12-27 - VA - Solid Steel
324,13,4,Ini Kamoze , Here Comes The Hot Stepper [Columbia],2013-12-27 - VA - Solid Steel
325,14,4,Coldcut , Beats And Pieces [Ahead Of Our Time],2013-12-27 - VA - Solid Steel
326,15,4,Coldcut , Greedy Beat [Ahead Of Our Time],2013-12-27 - VA - Solid Steel
327,16,4,Coldcut , Music Maker [Ahead Of Our Time],2013-12-27 - VA - Solid Steel
328,17,4,+ Coldcut , Find A Way (Acapella) [Arista],2013-12-27 - VA - Solid Steel
329,18,4,Mantronix , King Of The Beats [Sleeping Bag],2013-12-27 - VA - Solid Steel
330,19,4,Gescom , Mag [Skam],2013-12-27 - VA - Solid Steel
331,20,4,Masters At Work , Blood Vibes [Cutting],2013-12-27 - VA - Solid Steel
332,21,4,Raphael Corderdos , Trumpet Riff [Ninja Tune],2013-12-27 - VA - Solid Steel
333,22,4,Luke Slater's 7th Plain , Grace [Total],2013-12-27 - VA - Solid Steel
334,23,4,Joanna Law , First Time Ever I Saw Your Face,2013-12-27 - VA - Solid Steel
335,24,4,Harold Budd , Balthus Bemused By Colour [Land],2013-12-27 - VA - Solid Steel
336,25,4,Hookian Minds , Freshmess (Bandulu Mix) [Ubiquity],2013-12-27 - VA - Solid Steel
337,26,4,Jello Biafra , Message From Our Sponser [Alternative Tentacles],2013-12-27 - VA - Solid Steel
338,27,4,Pressure Drop , Unify [Hard Hands],2013-12-27 - VA - Solid Steel
339,28,4,Love Lee , Again Son [Peace Feast],2013-12-27 - VA - Solid Steel
340,29,4,Red Snapper , Hot Flush [Warp],2013-12-27 - VA - Solid Steel
341,30,4,Ron Granier , Theme From Doctor Who [BBC],2013-12-27 - VA - Solid Steel
342,31,4,Moody Boys , Free [XL],2013-12-27 - VA - Solid Steel
343,32,4,Coldcut , People Hold On [Arista],2013-12-27 - VA - Solid Steel
344,1,4,Beastie Boys , Caught In The Middle Of A 3,2013-12-27 - VA - Solid Steel
345,2,4,Kings Of Convenience , I Don't Know What I Can Save You From (Röyksopp Remix) [Mawlaw],2013-12-27 - VA - Solid Steel
346,3,4,Lusine , Two Dots [Ghostly],2013-12-27 - VA - Solid Steel
347,4,4,Modeselektor , Art & Cash (SBTRKT Remix) [Weapons],2013-12-27 - VA - Solid Steel
348,5,4,36 Kings , Spirit [Unreleased],2013-12-27 - VA - Solid Steel
349,6,4,Magnetic Man , Flying Into Tokyo,2013-12-27 - VA - Solid Steel
350,7,4,Andreya Triana , Draw The Stars [Ninja Tune],2013-12-27 - VA - Solid Steel
351,8,4,Al Usher , Here Today [MOS],2013-12-27 - VA - Solid Steel
352,9,4,Dave Angel , Rudiments [Island],2013-12-27 - VA - Solid Steel
353,10,4,Drop Out City Rockers , Around The World [Drop Out],2013-12-27 - VA - Solid Steel
354,11,4,Bibio , Lovers Carvings [Warp],2013-12-27 - VA - Solid Steel
355,12,4,Zero 7 , Ghost Symbol (Julio Bashmore Remix) [Warner],2013-12-27 - VA - Solid Steel
356,13,4,SBTRKT , Hide Or Seek [Young Turks],2013-12-27 - VA - Solid Steel
357,14,4,Koreless And Alteria Percepsyne , Violet Detachment [Twenty/Twelve],2013-12-27 - VA - Solid Steel
358,15,4,Commix , Japanese Electronics (Instra Mental Moog Mix) [Metalheadz],2013-12-27 - VA - Solid Steel
359,1,4,[0:01] ?, Japanese Electronics (Instra Mental Moog Mix) [Metalheadz],"2014-02-07 - Bonobo, Machinedrum, FaltyDL & Lee Bannon @ Ninja Tune EVR Takeover"
360,2,4,[0:05] FaltyDL , Unreleased,"2014-02-07 - Bonobo, Machinedrum, FaltyDL & Lee Bannon @ Ninja Tune EVR Takeover"
361,3,4,[0:09] Shanghai Den , Unreleased,"2014-02-07 - Bonobo, Machinedrum, FaltyDL & Lee Bannon @ Ninja Tune EVR Takeover"
362,4,4,[0:14] FaltyDL , Unreleased,"2014-02-07 - Bonobo, Machinedrum, FaltyDL & Lee Bannon @ Ninja Tune EVR Takeover"
363,5,4,[0:19] DemLight , ?,"2014-02-07 - Bonobo, Machinedrum, FaltyDL & Lee Bannon @ Ninja Tune EVR Takeover"
364,6,4,[0:23] FaltyDL & Digo , ?,"2014-02-07 - Bonobo, Machinedrum, FaltyDL & Lee Bannon @ Ninja Tune EVR Takeover"
365,7,4,[0:26] Dorian Concept , ?,"2014-02-07 - Bonobo, Machinedrum, FaltyDL & Lee Bannon @ Ninja Tune EVR Takeover"
366,1,4,[0:30] Machinedrum , NuJack,"2014-02-07 - Bonobo, Machinedrum, FaltyDL & Lee Bannon @ Ninja Tune EVR Takeover"
367,2,4,[0:34] ?, NuJack,"2014-02-07 - Bonobo, Machinedrum, FaltyDL & Lee Bannon @ Ninja Tune EVR Takeover"
368,3,4,[0:36] ?, NuJack,"2014-02-07 - Bonobo, Machinedrum, FaltyDL & Lee Bannon @ Ninja Tune EVR Takeover"
369,4,4,[0:38] ?, NuJack,"2014-02-07 - Bonobo, Machinedrum, FaltyDL & Lee Bannon @ Ninja Tune EVR Takeover"
370,5,4,[0:40] ?, NuJack,"2014-02-07 - Bonobo, Machinedrum, FaltyDL & Lee Bannon @ Ninja Tune EVR Takeover"
371,6,4,[0:42] ?, NuJack,"2014-02-07 - Bonobo, Machinedrum, FaltyDL & Lee Bannon @ Ninja Tune EVR Takeover"
372,7,4,[0:44] ?, NuJack,"2014-02-07 - Bonobo, Machinedrum, FaltyDL & Lee Bannon @ Ninja Tune EVR Takeover"
373,8,4,"[0:46] Congo Natty Feat. Rebel MC, Tenor Fly, Top Cat, General Levy, Tippa Irie, Sweetie Irie & Daddy Freddy ", Uk Allstars (Machinedrum Remix),"2014-02-07 - Bonobo, Machinedrum, FaltyDL & Lee Bannon @ Ninja Tune EVR Takeover"
374,9,4,[0:47] ?, Uk Allstars (Machinedrum Remix),"2014-02-07 - Bonobo, Machinedrum, FaltyDL & Lee Bannon @ Ninja Tune EVR Takeover"
375,10,4,[0:50] ?, Uk Allstars (Machinedrum Remix),"2014-02-07 - Bonobo, Machinedrum, FaltyDL & Lee Bannon @ Ninja Tune EVR Takeover"
376,11,4,[0:51] Papa San , Predominant (Machinedrum Remix),"2014-02-07 - Bonobo, Machinedrum, FaltyDL & Lee Bannon @ Ninja Tune EVR Takeover"
377,1,4,[1:00] Maya Jane Coles , Something In The Air (Bonobo Remix),"2014-02-07 - Bonobo, Machinedrum, FaltyDL & Lee Bannon @ Ninja Tune EVR Takeover"
378,2,4,[1:04] ?, Something In The Air (Bonobo Remix),"2014-02-07 - Bonobo, Machinedrum, FaltyDL & Lee Bannon @ Ninja Tune EVR Takeover"
379,3,4,[1:06] ?, Something In The Air (Bonobo Remix),"2014-02-07 - Bonobo, Machinedrum, FaltyDL & Lee Bannon @ Ninja Tune EVR Takeover"
380,4,4,[1:13] Kelis , Jerk Ribs (Mount Kimbie Remix),"2014-02-07 - Bonobo, Machinedrum, FaltyDL & Lee Bannon @ Ninja Tune EVR Takeover"
381,5,4,[1:17] ?, Jerk Ribs (Mount Kimbie Remix),"2014-02-07 - Bonobo, Machinedrum, FaltyDL & Lee Bannon @ Ninja Tune EVR Takeover"
382,6,4,[1:22] Henri Texier , Les LeBas (Bonobo Remix),"2014-02-07 - Bonobo, Machinedrum, FaltyDL & Lee Bannon @ Ninja Tune EVR Takeover"
383,7,4,[1:24] ?, Les LeBas (Bonobo Remix),"2014-02-07 - Bonobo, Machinedrum, FaltyDL & Lee Bannon @ Ninja Tune EVR Takeover"
384,1,4,[1:30] ?, Les LeBas (Bonobo Remix),"2014-02-07 - Bonobo, Machinedrum, FaltyDL & Lee Bannon @ Ninja Tune EVR Takeover"
385,2,4,[1:33] ?, Les LeBas (Bonobo Remix),"2014-02-07 - Bonobo, Machinedrum, FaltyDL & Lee Bannon @ Ninja Tune EVR Takeover"
386,3,4,[1:36] ?, Les LeBas (Bonobo Remix),"2014-02-07 - Bonobo, Machinedrum, FaltyDL & Lee Bannon @ Ninja Tune EVR Takeover"
387,4,4,[1:38] ?, Les LeBas (Bonobo Remix),"2014-02-07 - Bonobo, Machinedrum, FaltyDL & Lee Bannon @ Ninja Tune EVR Takeover"
388,5,4,[1:41] ?, Les LeBas (Bonobo Remix),"2014-02-07 - Bonobo, Machinedrum, FaltyDL & Lee Bannon @ Ninja Tune EVR Takeover"
389,6,4,[1:43] ?, Les LeBas (Bonobo Remix),"2014-02-07 - Bonobo, Machinedrum, FaltyDL & Lee Bannon @ Ninja Tune EVR Takeover"
390,7,4,[1:46] ?, Les LeBas (Bonobo Remix),"2014-02-07 - Bonobo, Machinedrum, FaltyDL & Lee Bannon @ Ninja Tune EVR Takeover"
391,8,4,[1:48] ?, Les LeBas (Bonobo Remix),"2014-02-07 - Bonobo, Machinedrum, FaltyDL & Lee Bannon @ Ninja Tune EVR Takeover"
392,9,4,[1:51] Special Request , Broken Dreams,"2014-02-07 - Bonobo, Machinedrum, FaltyDL & Lee Bannon @ Ninja Tune EVR Takeover"
393,10,4,[1:55] ?, Broken Dreams,"2014-02-07 - Bonobo, Machinedrum, FaltyDL & Lee Bannon @ Ninja Tune EVR Takeover"
394,11,4,[1:57] ?, Broken Dreams,"2014-02-07 - Bonobo, Machinedrum, FaltyDL & Lee Bannon @ Ninja Tune EVR Takeover"
395,12,4,[1:59] ?, Broken Dreams,"2014-02-07 - Bonobo, Machinedrum, FaltyDL & Lee Bannon @ Ninja Tune EVR Takeover"
396,1,1,Bonobo Feat. Andreya Triana , Eyesdown (Intro) [Ninja Tune],"2014-04-06 - Bonobo (Live PA) - Fireside Chat, RBMA Radio"
397,2,1,Bonobo , Scuba [Tru Thoughts],"2014-04-06 - Bonobo (Live PA) - Fireside Chat, RBMA Radio"
398,3,1,Bonobo , Kota [Tru Thoughts],"2014-04-06 - Bonobo (Live PA) - Fireside Chat, RBMA Radio"
399,4,1,Bonobo , Terrapin [Tru Thoughts],"2014-04-06 - Bonobo (Live PA) - Fireside Chat, RBMA Radio"
400,5,1,Bonobo , Flutter [Tru Thoughts],"2014-04-06 - Bonobo (Live PA) - Fireside Chat, RBMA Radio"
401,6,1,Bonobo , Nothing Owed [Ninja Tune],"2014-04-06 - Bonobo (Live PA) - Fireside Chat, RBMA Radio"
402,7,1,Bonobo Feat. Bajka , Nightlite [Ninja Tune],"2014-04-06 - Bonobo (Live PA) - Fireside Chat, RBMA Radio"
403,8,1,Bonobo Feat. Andreya Triana , Eyesdown [Ninja Tune],"2014-04-06 - Bonobo (Live PA) - Fireside Chat, RBMA Radio"
404,9,1,Bonobo , Black Sands [Ninja Tune],"2014-04-06 - Bonobo (Live PA) - Fireside Chat, RBMA Radio"
405,10,1,Bonobo Feat. Erykah Badu , Heaven For The Sinner [Ninja Tune],"2014-04-06 - Bonobo (Live PA) - Fireside Chat, RBMA Radio"
406,11,1,Bonobo , Cirrus [Ninja Tune],"2014-04-06 - Bonobo (Live PA) - Fireside Chat, RBMA Radio"
407,12,1,Bonobo Feat. Szjerdene , Get Thy Bearings [Late Night Tales],"2014-04-06 - Bonobo (Live PA) - Fireside Chat, RBMA Radio"
408,13,1,Bonobo , Recurring [Ninja Tune],"2014-04-06 - Bonobo (Live PA) - Fireside Chat, RBMA Radio"
409,14,1,Nostalgia 77 , Quiet Dawn (Bonobo Remix) [Tru Thoughts],"2014-04-06 - Bonobo (Live PA) - Fireside Chat, RBMA Radio"
410,1,1,[000] Intro, Quiet Dawn (Bonobo Remix) [Tru Thoughts],2014-04-12 - Bonobo - Essential Mix
411,2,1,[003] Vangelis , Abraham's Theme [Polydor],2014-04-12 - Bonobo - Essential Mix
412,3,1,[0??] Bonobo , Don't Wait [Ninja Tune],2014-04-12 - Bonobo - Essential Mix
413,4,1,[012] Letherette , D&T (Dorian Concept Remix) [Ninja Tune ,2014-04-12 - Bonobo - Essential Mix
414,5,1,[015] Dark Sky , Clear [White],2014-04-12 - Bonobo - Essential Mix
415,6,1,[021] Maya Jane Coles , Something In The Air (Bonobo Remix) [Hypercolour ,2014-04-12 - Bonobo - Essential Mix
416,7,1,[026] Catching Flies , Mama's Wisdom [White],2014-04-12 - Bonobo - Essential Mix
417,8,1,[031] Mano Le Tough , Primative People (Tale Of Us Remix) [Permanent Vacation ,2014-04-12 - Bonobo - Essential Mix
418,9,1,[035] Dauwd , Lydia [Kompakt],2014-04-12 - Bonobo - Essential Mix
419,10,1,[040] Cuthead , Maputo Jam [Uncanny Valley ,2014-04-12 - Bonobo - Essential Mix
420,11,1,[044] Maribou State , Moon Circles [Southern Fried ,2014-04-12 - Bonobo - Essential Mix
421,12,1,[048] Sharon Van Etten , We Are Fine (Tourist Remix) [White],2014-04-12 - Bonobo - Essential Mix
422,13,1,[053] Jimpster , Porchlight & Rocking Chairs (KiNK Remix) [Freerange ,2014-04-12 - Bonobo - Essential Mix
423,14,1,[057] Lorca , Naoko [Naked Naked ,2014-04-12 - Bonobo - Essential Mix
424,15,1,[062] Bonobo Feat. Grey Reverend , First Fires (Maya Jane Coles Remix),2014-04-12 - Bonobo - Essential Mix
425,16,1,[066] Jungle , Drops (Pedestrian Edit) [White],2014-04-12 - Bonobo - Essential Mix
426,17,1,[071] Werkha , Lapwing [Tru Thoughts ,2014-04-12 - Bonobo - Essential Mix
427,18,1,[074] Ten Walls , Requiem [Life And Death ,2014-04-12 - Bonobo - Essential Mix
428,19,1,[080] Francis Bebey , Bissao (Pilooski Edit) [Born Bad ,2014-04-12 - Bonobo - Essential Mix
429,20,1,[084] General Ludd , Woo Ha [Mister Saturday Night],2014-04-12 - Bonobo - Essential Mix
430,21,1,[0??] Romare , Jimmy [White],2014-04-12 - Bonobo - Essential Mix
431,22,1,[091] William Arcane , Reflected [Pictures ,2014-04-12 - Bonobo - Essential Mix
432,23,1,[094] London Grammar , Hey Now (Bonobo Remix) [Metal & Dust],2014-04-12 - Bonobo - Essential Mix
433,24,1,[???] Taylor McFerrin Feat. Emily King , Decisions [Brainfeeder],2014-04-12 - Bonobo - Essential Mix
434,25,1,[103] Throwing Snow Feat. Adda Kaleh , The Tempest [Houndstooth ,2014-04-12 - Bonobo - Essential Mix
435,26,1,[106] Kelis , Runnin' (Machinedrum Remix) [Ninja Tune],2014-04-12 - Bonobo - Essential Mix
436,27,1,[1??] Illum Sphere , Embryonic (Lone Remix) [Ninja Tune],2014-04-12 - Bonobo - Essential Mix
437,28,1,[1??] Martyn , Glassbeadgames (8 Hours At Fabric (Dub With Four Tet) [Ninja Tune],2014-04-12 - Bonobo - Essential Mix
438,1,1,[00] Moderat , Bad Kingdom (DJ Koze Remix),2014-09-02 - Bonobo - Mixed By
439,2,1,[05] Genius Of Time , Juno Jam,2014-09-02 - Bonobo - Mixed By
440,3,1,[09] Kaytranada Feat. Shay Lia , Leave Me Alone,2014-09-02 - Bonobo - Mixed By
441,4,1,[13] Leon Vynehall , Butterflies,2014-09-02 - Bonobo - Mixed By
442,5,1,[18] Dark Sky , IYP,2014-09-02 - Bonobo - Mixed By
443,6,1,[21] Lake People , Night Drive,2014-09-02 - Bonobo - Mixed By
444,7,1,[25] Butch & C.Vogt , The Infamous (Robytek vs Shield Cut),2014-09-02 - Bonobo - Mixed By
445,8,1,[30] Throwing Snow , As You Fall (Live Analogue Jam),2014-09-02 - Bonobo - Mixed By
446,9,1,[36] Dorian Concept ," Ann River, Mn",2014-09-02 - Bonobo - Mixed By
447,10,1,[40] Nalepa & William Arcane , Feel,2014-09-02 - Bonobo - Mixed By
448,11,1,[44] Mr. Mitch ," The Lion, The Bitch And The Bordeaux",2014-09-02 - Bonobo - Mixed By
449,1,1,Bonobo , Cirrus,2014-11-20 - Bonobo (Live PA) @ Boiler Room London
450,2,1,Bonobo , Sapphire,2014-11-20 - Bonobo (Live PA) @ Boiler Room London
451,3,1,Bonobo Feat. Szjerdene , Towers,2014-11-20 - Bonobo (Live PA) @ Boiler Room London
452,4,1,Bonobo Feat. Andreya Triana , Stay The Same,2014-11-20 - Bonobo (Live PA) @ Boiler Room London
453,5,1,Bonobo , Prelude/Kiara,2014-11-20 - Bonobo (Live PA) @ Boiler Room London
454,6,1,Bonobo , Ten Tigers (+ Jam),2014-11-20 - Bonobo (Live PA) @ Boiler Room London
455,7,1,Bonobo , Kong,2014-11-20 - Bonobo (Live PA) @ Boiler Room London
456,8,1,Bonobo , Ketto,2014-11-20 - Bonobo (Live PA) @ Boiler Room London
457,9,1,Bonobo , Emkay,2014-11-20 - Bonobo (Live PA) @ Boiler Room London
458,10,1,Bonobo Feat. Grey Reverend , First Fires,2014-11-20 - Bonobo (Live PA) @ Boiler Room London
459,11,1,Bonobo Feat. Szjerdene , Heaven For The Sinner,2014-11-20 - Bonobo (Live PA) @ Boiler Room London
460,12,1,Bonobo , Recurring,2014-11-20 - Bonobo (Live PA) @ Boiler Room London
461,13,1,Bonobo , We Could Forever,2014-11-20 - Bonobo (Live PA) @ Boiler Room London
462,14,1,Bonobo , Flashlight,2014-11-20 - Bonobo (Live PA) @ Boiler Room London
463,15,1,Bonobo , El Toro (Drum Solo + Sax Solo + Jam),2014-11-20 - Bonobo (Live PA) @ Boiler Room London
464,16,1,Bonobo Feat. Szjerdene , Transits,2014-11-20 - Bonobo (Live PA) @ Boiler Room London
465,17,1,Bonobo , Know You,2014-11-20 - Bonobo (Live PA) @ Boiler Room London
466,18,1,Bonobo Feat. Cornelia , Pieces,2014-11-20 - Bonobo (Live PA) @ Boiler Room London
467,19,1,Bonobo Feat. Andreya Triana , The Keeper,2014-11-20 - Bonobo (Live PA) @ Boiler Room London
468,20,1,Bonobo , Black Sands,2014-11-20 - Bonobo (Live PA) @ Boiler Room London
469,1,9,Rosie Lowe , How'd You Like It [Wolf Tone],"2014-12-14 - Annie Mac, Bonobo - Musical Hot Water Bottle, BBC Radio 1"
470,2,9,London Grammar , Hey Now,"2014-12-14 - Annie Mac, Bonobo - Musical Hot Water Bottle, BBC Radio 1"
471,3,9,Raury , Cigarette Song [Columbia],"2014-12-14 - Annie Mac, Bonobo - Musical Hot Water Bottle, BBC Radio 1"
472,4,9,Nao vs A. K. Paul , So Good,"2014-12-14 - Annie Mac, Bonobo - Musical Hot Water Bottle, BBC Radio 1"
473,5,9,Shura , Indecision (Jungle Remix) [Polydor],"2014-12-14 - Annie Mac, Bonobo - Musical Hot Water Bottle, BBC Radio 1"
474,6,9,Pomo Feat. Kaytranada , Cherry Funk,"2014-12-14 - Annie Mac, Bonobo - Musical Hot Water Bottle, BBC Radio 1"
475,7,9,Kiesza & Joey Badass , Bad Thing,"2014-12-14 - Annie Mac, Bonobo - Musical Hot Water Bottle, BBC Radio 1"
476,8,9,Spooky Black , Pull,"2014-12-14 - Annie Mac, Bonobo - Musical Hot Water Bottle, BBC Radio 1"
477,9,9,Kindness Feat. Robyn , Who Do You Love? [Female Energy],"2014-12-14 - Annie Mac, Bonobo - Musical Hot Water Bottle, BBC Radio 1"
478,10,9,Bonobo , Flashlight,"2014-12-14 - Annie Mac, Bonobo - Musical Hot Water Bottle, BBC Radio 1"
479,11,9,Danny Brown Feat. Charli XCX , Float On [Fools Gold],"2014-12-14 - Annie Mac, Bonobo - Musical Hot Water Bottle, BBC Radio 1"
480,12,9,Royce Wood Junior , Rover [37 Adventures],"2014-12-14 - Annie Mac, Bonobo - Musical Hot Water Bottle, BBC Radio 1"
481,13,9,Mura Masa , Miss You [Jakarta],"2014-12-14 - Annie Mac, Bonobo - Musical Hot Water Bottle, BBC Radio 1"
482,1,9,Sam Smith , Have Yourself A Merry Little Christmas [Capitol],"2014-12-14 - Annie Mac, Bonobo - Musical Hot Water Bottle, BBC Radio 1"
483,1,9,Gorgon City ," Christmas (Baby Please Come Home) (Radio 1 Live Lounge, 10 Dec 2014)","2014-12-14 - Annie Mac, Bonobo - Musical Hot Water Bottle, BBC Radio 1"
484,2,9,Shivum Sharma ," White Christmas (Radio 1 Piano Sessions, 10 Dec 14)","2014-12-14 - Annie Mac, Bonobo - Musical Hot Water Bottle, BBC Radio 1"
485,3,9,Låpsley ," Falling Short (Radio 1 Session, 19 Nov 2014)","2014-12-14 - Annie Mac, Bonobo - Musical Hot Water Bottle, BBC Radio 1"
486,4,9,Eyedress Feat. GEoRGiA , When I'm Gone [XL],"2014-12-14 - Annie Mac, Bonobo - Musical Hot Water Bottle, BBC Radio 1"
487,5,9,HUNTAR , Bitter [The Hunger],"2014-12-14 - Annie Mac, Bonobo - Musical Hot Water Bottle, BBC Radio 1"
488,1,9,Y,Tribe ,"2014-12-14 - Annie Mac, Bonobo - Musical Hot Water Bottle, BBC Radio 1"
489,1,9,Lovestation , Teardrops [Fresh],"2014-12-14 - Annie Mac, Bonobo - Musical Hot Water Bottle, BBC Radio 1"
490,2,9,Wookie Feat. Lain , Battle [Genuine / Pias],"2014-12-14 - Annie Mac, Bonobo - Musical Hot Water Bottle, BBC Radio 1"
491,3,9,Jessie Ware , You & I Forever [PMRS / Island],"2014-12-14 - Annie Mac, Bonobo - Musical Hot Water Bottle, BBC Radio 1"
492,4,9,Aqualung Feat. Lianne La Havas , Eggshells [BMG Chrysalis],"2014-12-14 - Annie Mac, Bonobo - Musical Hot Water Bottle, BBC Radio 1"
493,5,9,Bombay Bicycle Club , Home By Now [Island],"2014-12-14 - Annie Mac, Bonobo - Musical Hot Water Bottle, BBC Radio 1"
494,6,9,ILoveMakonnen Feat. Drake , Tuesday,"2014-12-14 - Annie Mac, Bonobo - Musical Hot Water Bottle, BBC Radio 1"
495,7,9,Ed Sheeran , Thinking Out Loud [Atlantic],"2014-12-14 - Annie Mac, Bonobo - Musical Hot Water Bottle, BBC Radio 1"
496,8,9,Astronomyy , Not Into U [Lunar Surf],"2014-12-14 - Annie Mac, Bonobo - Musical Hot Water Bottle, BBC Radio 1"
497,9,9,Boards Of Canada , Dayvan Cowboy [Warp],"2014-12-14 - Annie Mac, Bonobo - Musical Hot Water Bottle, BBC Radio 1"
498,1,9,Jack Garratt , The Love You're Given,"2014-12-14 - Annie Mac, Bonobo - Musical Hot Water Bottle, BBC Radio 1"
499,1,9,Hiatus Kaiyote , Laputa,"2014-12-14 - Annie Mac, Bonobo - Musical Hot Water Bottle, BBC Radio 1"
500,2,9,The Vanguard & D'Angelo , Sugah Daddy,"2014-12-14 - Annie Mac, Bonobo - Musical Hot Water Bottle, BBC Radio 1"
501,1,9,Lil Silva Feat. BANKS , Don't You Love [Good Years],"2014-12-14 - Annie Mac, Bonobo - Musical Hot Water Bottle, BBC Radio 1"
502,2,9,Photay , Static At The Summit [Astro Nautico],"2014-12-14 - Annie Mac, Bonobo - Musical Hot Water Bottle, BBC Radio 1"
503,3,9,TOKiMONSTA , The Beginning [Young Art],"2014-12-14 - Annie Mac, Bonobo - Musical Hot Water Bottle, BBC Radio 1"
504,4,9,Khun Narin , Lam Phu Thai #1 [Innovative Leisure],"2014-12-14 - Annie Mac, Bonobo - Musical Hot Water Bottle, BBC Radio 1"
505,5,9,Mndsgn , Homewards [Stones Throw],"2014-12-14 - Annie Mac, Bonobo - Musical Hot Water Bottle, BBC Radio 1"
506,6,9,Chrome Sparks , Goddess [Future Classic],"2014-12-14 - Annie Mac, Bonobo - Musical Hot Water Bottle, BBC Radio 1"
507,7,9,Oaktree , La Fin [Play It Again Sam],"2014-12-14 - Annie Mac, Bonobo - Musical Hot Water Bottle, BBC Radio 1"
508,8,9,Jon Hopkins , Breathe This Air (Asleep Version) [Domino],"2014-12-14 - Annie Mac, Bonobo - Musical Hot Water Bottle, BBC Radio 1"
509,1,9,Four Tet , Back 2 The Start,"2014-12-14 - Annie Mac, Bonobo - Musical Hot Water Bottle, BBC Radio 1"
510,1,1,[000] Thundercat , Hard Times [Brainfeeder ,2015-06-24 - Bonobo - NTS Radio
511,2,1,[002] Todd Terje , Alfonso Muskedunder (Bullion Remix) [Olsen ,2015-06-24 - Bonobo - NTS Radio
512,3,1,[007] Stray , Movements [Exit ,2015-06-24 - Bonobo - NTS Radio
513,4,1,[010] Flako Feat. Miguel Atwood,Ferguson ,2015-06-24 - Bonobo - NTS Radio
514,5,1,[014] Vaults , Premonitions (Jacques Greene Remix),2015-06-24 - Bonobo - NTS Radio
515,6,1,[020] Uffe , I Can Show You High [Tartelet ,2015-06-24 - Bonobo - NTS Radio
516,7,1,"[024] Jessy Lanza, DJ Spinn And Taso ", You Never Show Your Love [Hyperdub ,2015-06-24 - Bonobo - NTS Radio
517,8,1,[028] FaltyDL , Visceral,2015-06-24 - Bonobo - NTS Radio
518,9,1,[033] Rival Consoles , Recovery (Vessels Remix) (Bonus Track) [Erased Tapes ,2015-06-24 - Bonobo - NTS Radio
519,10,1,[040] Hot Chip , Need You Now (Percussion Edit),2015-06-24 - Bonobo - NTS Radio
520,11,1,[045] Clap! Clap! , Camo,2015-06-24 - Bonobo - NTS Radio
521,12,1,[049] Tal National , Zoy Zoy [FatCat ,2015-06-24 - Bonobo - NTS Radio
522,13,1,[052] Mbongwana Star , Malukayi (Konono No 1),2015-06-24 - Bonobo - NTS Radio
523,14,1,[057] Louiz Banks , Song For My Lady [Jazzman ,2015-06-24 - Bonobo - NTS Radio
524,15,1,[061] Session Victim , Hyuwee (DJ Koze Edit),2015-06-24 - Bonobo - NTS Radio
525,16,1,[063] Tom Blip , Shekere,2015-06-24 - Bonobo - NTS Radio
526,17,1,[0??] O'Flynn , Desmonds Empire,2015-06-24 - Bonobo - NTS Radio
527,18,1,[0??] Tee Mango , Leave You,2015-06-24 - Bonobo - NTS Radio
528,19,1,[075] Maribou State , Wallflower [Counter ,2015-06-24 - Bonobo - NTS Radio
529,20,1,[079] Move D , To The Disco A77 [Electric Minds ,2015-06-24 - Bonobo - NTS Radio
530,21,1,[084] Throwing Snow , Glower,2015-06-24 - Bonobo - NTS Radio
531,22,1,[090] Jaga Jazzist & Todd Terje , Oban (Todd Terje Remix) [Ninja Tune ,2015-06-24 - Bonobo - NTS Radio
532,23,1,[097] Glenn Astro , Love Is Gone [WotNot ,2015-06-24 - Bonobo - NTS Radio
533,24,1,[102] Archie Pelago , Clammy,2015-06-24 - Bonobo - NTS Radio
534,25,1,[109] Tsaik , Fuzzy Holo Demoop [Lost Tribe ,2015-06-24 - Bonobo - NTS Radio
535,26,1,[111] Bob Moses , Interloper [Domino ,2015-06-24 - Bonobo - NTS Radio
536,27,1,[115] Four Tet , Morning Side,2015-06-24 - Bonobo - NTS Radio
537,1,1,[000] Louiz Banks , Song For My Lady [Jazzman ,"2015-12-18 - Bonobo - Outlier Radio 001, NTS Radio"
538,2,1,[005] Mammal Hands , Kandaiki [Gondwana ,"2015-12-18 - Bonobo - Outlier Radio 001, NTS Radio"
539,3,1,[010] Holy Forest , Africa Calling,"2015-12-18 - Bonobo - Outlier Radio 001, NTS Radio"
540,4,1,[01?] Hypnotic Brass Ensemble , What It Is,"2015-12-18 - Bonobo - Outlier Radio 001, NTS Radio"
541,5,1,[019] Seven Davis Jr , Try Me (I'll Funk You) [Ninja Tune ,"2015-12-18 - Bonobo - Outlier Radio 001, NTS Radio"
542,6,1,[022] Monte Booker Feat. Ravyn Lenae , Baby,"2015-12-18 - Bonobo - Outlier Radio 001, NTS Radio"
543,7,1,[025] Session Victim , Crystal Maze [Delusions Of Grandeur ,"2015-12-18 - Bonobo - Outlier Radio 001, NTS Radio"
544,8,1,[028] Kemback , Awaken [Alfresco Disco ,"2015-12-18 - Bonobo - Outlier Radio 001, NTS Radio"
545,9,1,[033] Rival Consoles , Pre [Erased Tapes ,"2015-12-18 - Bonobo - Outlier Radio 001, NTS Radio"
546,10,1,[038] George FitzGerald Feat. Boxed In Remix) , Full Circle (Bonobo [Double Six ,"2015-12-18 - Bonobo - Outlier Radio 001, NTS Radio"
547,11,1,[043] Henry Wu , Dubplate Special [Rhythm Section International ,"2015-12-18 - Bonobo - Outlier Radio 001, NTS Radio"
548,12,1,[047] Roman Flügel , Teenage Engineering [Hypercolour ,"2015-12-18 - Bonobo - Outlier Radio 001, NTS Radio"
549,13,1,[052] DJ Richard , Vampire Dub,"2015-12-18 - Bonobo - Outlier Radio 001, NTS Radio"
550,14,1,[059] Chrome Sparks , Moonraker [Future Classic ,"2015-12-18 - Bonobo - Outlier Radio 001, NTS Radio"
551,15,1,[065] Kiasmos , Drawn [Erased Tapes ,"2015-12-18 - Bonobo - Outlier Radio 001, NTS Radio"
552,16,1,[069] Auntie Flo Feat. Anbuley , Su La [Huntleys & Palmers ,"2015-12-18 - Bonobo - Outlier Radio 001, NTS Radio"
553,17,1,[075] TCB , 2nd Touch (Roman Flügel Remix) [House Is OK ,"2015-12-18 - Bonobo - Outlier Radio 001, NTS Radio"
554,18,1,[082] Frankey & Sandrino , Acamar [Innervisions ,"2015-12-18 - Bonobo - Outlier Radio 001, NTS Radio"
555,19,1,[090] Abra , Fruit,"2015-12-18 - Bonobo - Outlier Radio 001, NTS Radio"
556,20,1,[095] Jlin , Unknown Tongues [Planet Mu ,"2015-12-18 - Bonobo - Outlier Radio 001, NTS Radio"
557,21,1,[098] Zora Jones , First Light [Fractal Fantasy ,"2015-12-18 - Bonobo - Outlier Radio 001, NTS Radio"
558,22,1,[101] Clap! Clap! , (S) Serendipity [Black Acre ,"2015-12-18 - Bonobo - Outlier Radio 001, NTS Radio"
559,23,1,[104] Mo Kolours , Tears & Sand [One Handed ,"2015-12-18 - Bonobo - Outlier Radio 001, NTS Radio"
560,24,1,[106] Throwing Snow , Glower [Houndstooth ,"2015-12-18 - Bonobo - Outlier Radio 001, NTS Radio"
561,25,1,[112] Axel Boman , 1979,"2015-12-18 - Bonobo - Outlier Radio 001, NTS Radio"
562,26,1,[11?] Tee Mango , Tribute,"2015-12-18 - Bonobo - Outlier Radio 001, NTS Radio"
563,1,1,[000] Khun Narin , Lam Phu Thai # 1 [Innovative Leisure ,"2016-03-21 - Bonobo - Outlier Radio 002, NTS Radio"
564,2,1,[006] Gold Panda , Time Eater [City Slang ,"2016-03-21 - Bonobo - Outlier Radio 002, NTS Radio"
565,3,1,[010] Darksky , Em Cy,"2016-03-21 - Bonobo - Outlier Radio 002, NTS Radio"
566,4,1,[018] Illum Sphere , Ritual [Ninja Tune ,"2016-03-21 - Bonobo - Outlier Radio 002, NTS Radio"
567,5,1,[023] Pedestrian Feat. Maribou State , JNT [Dama Dama ,"2016-03-21 - Bonobo - Outlier Radio 002, NTS Radio"
568,6,1,[029] David August , JBY [Counter ,"2016-03-21 - Bonobo - Outlier Radio 002, NTS Radio"
569,7,1,[034] Mehmet Aslan , Mechanical Turk (Courtesy Of Karpov Not Kasparov) [Huntleys & Palmers ,"2016-03-21 - Bonobo - Outlier Radio 002, NTS Radio"
570,8,1,[042] Little People , Csay Csay,"2016-03-21 - Bonobo - Outlier Radio 002, NTS Radio"
571,9,1,[047] Moritz Von Oswald Trio , Sounding Line 3 [Honest Jon's ,"2016-03-21 - Bonobo - Outlier Radio 002, NTS Radio"
572,10,1,[052] Hot Chip , Atomic Bomb (John Talabot Remix),"2016-03-21 - Bonobo - Outlier Radio 002, NTS Radio"
573,11,1,[057] Leon Vynehall , Kiburu's [Running Back ,"2016-03-21 - Bonobo - Outlier Radio 002, NTS Radio"
574,12,1,[064] Louie Vega Starring Nick Monaco & Soul Clap , See Some Light (Album Mix) [Vega ,"2016-03-21 - Bonobo - Outlier Radio 002, NTS Radio"
575,13,1,[069] Panthera Krause , Umami [Uncanny Valley ,"2016-03-21 - Bonobo - Outlier Radio 002, NTS Radio"
576,14,1,[074] O'Flynn , Desmond's Empire [Blip Discs],"2016-03-21 - Bonobo - Outlier Radio 002, NTS Radio"
577,15,1,[078] Butcher Bear Feat. Graham Reynolds , Velvet Coffin Pt.2,"2016-03-21 - Bonobo - Outlier Radio 002, NTS Radio"
578,16,1,[082] San Proper , It's Here [Dopeness Galore ,"2016-03-21 - Bonobo - Outlier Radio 002, NTS Radio"
579,17,1,[084] Anderson .Paak Feat. The Game & Sonyae Elise , Room In Here,"2016-03-21 - Bonobo - Outlier Radio 002, NTS Radio"
580,18,1,[???] Rome Fortune , Blicka Blicka,"2016-03-21 - Bonobo - Outlier Radio 002, NTS Radio"
581,19,1,[???] Izem Feat. Feather , Sadeo,"2016-03-21 - Bonobo - Outlier Radio 002, NTS Radio"
582,20,1,[???] Kadhja Bonet , Remember The Rain,"2016-03-21 - Bonobo - Outlier Radio 002, NTS Radio"
583,21,1,[???] Len Leise , A Bend In The River,"2016-03-21 - Bonobo - Outlier Radio 002, NTS Radio"
584,22,1,[???] Shye Ben Tzur & Jonny Greenwood , Janun,"2016-03-21 - Bonobo - Outlier Radio 002, NTS Radio"
585,23,1,[???] Ralph Macdonald , Calypso Path (Sofrito Edit),"2016-03-21 - Bonobo - Outlier Radio 002, NTS Radio"
586,24,1,[116] Landside , Still There (Max Cooper Remix) [Just This ,"2016-03-21 - Bonobo - Outlier Radio 002, NTS Radio"
587,1,1,Sh*t Robot , End Of The Trail (Roman Flügel Remix) [DFA US],"2016-04-07 - George FitzGerald b2b Bonobo - Residency, BBC Radio 1"
588,2,1,Midland , Blush [Graded],"2016-04-07 - George FitzGerald b2b Bonobo - Residency, BBC Radio 1"
589,3,1,Fort Romeau , Secrets & Lies [Live At Robert Johnson],"2016-04-07 - George FitzGerald b2b Bonobo - Residency, BBC Radio 1"
590,4,1,El_Txef_A Feat. Napoka Iria , Mugarrirantz (Dave DK Remix) [Forbidden Colours],"2016-04-07 - George FitzGerald b2b Bonobo - Residency, BBC Radio 1"
591,5,1,Landslide , Still There (Max Cooper Remix) [Just This],"2016-04-07 - George FitzGerald b2b Bonobo - Residency, BBC Radio 1"
592,6,1,Jilk , Be Heart [White],"2016-04-07 - George FitzGerald b2b Bonobo - Residency, BBC Radio 1"
593,7,1,David August , JBY [Counter],"2016-04-07 - George FitzGerald b2b Bonobo - Residency, BBC Radio 1"
594,8,1,Leon Vynehall , Paradisea [Running Back],"2016-04-07 - George FitzGerald b2b Bonobo - Residency, BBC Radio 1"
595,9,1,Jody Barr , Turbo Jangle [White],"2016-04-07 - George FitzGerald b2b Bonobo - Residency, BBC Radio 1"
596,10,1,DJ Koze , Blume Der Nacht (George FitzGerald Edit) [Pampa],"2016-04-07 - George FitzGerald b2b Bonobo - Residency, BBC Radio 1"
597,11,1,Cubicolor Feat. Tim Digby,Bell ,"2016-04-07 - George FitzGerald b2b Bonobo - Residency, BBC Radio 1"
598,12,1,Frank Wiedemann , Moorthon II [Innervisions],"2016-04-07 - George FitzGerald b2b Bonobo - Residency, BBC Radio 1"
599,13,1,Stones & Holes , Light A Spark (Manoo Remix) [Uncover],"2016-04-07 - George FitzGerald b2b Bonobo - Residency, BBC Radio 1"
600,14,1,George FitzGerald , Full Circle (Bonobo Remix) [Double Six],"2016-04-07 - George FitzGerald b2b Bonobo - Residency, BBC Radio 1"
601,15,1,Ghost Culture , Safe [Phantasy Sound],"2016-04-07 - George FitzGerald b2b Bonobo - Residency, BBC Radio 1"
602,16,1,Buz Ludzha , Positive Vibes [100% Silk US],"2016-04-07 - George FitzGerald b2b Bonobo - Residency, BBC Radio 1"
603,17,1,Danny Daze , Swim [Kompakt],"2016-04-07 - George FitzGerald b2b Bonobo - Residency, BBC Radio 1"
604,18,1,Akwabe , Mumude [White],"2016-04-07 - George FitzGerald b2b Bonobo - Residency, BBC Radio 1"
605,19,1,Kamera , Consignia (Eyes Of Mine Remix) [White],"2016-04-07 - George FitzGerald b2b Bonobo - Residency, BBC Radio 1"
606,20,1,Kerrier District , Techno Disco (KiNK Remix) [Hypercolour],"2016-04-07 - George FitzGerald b2b Bonobo - Residency, BBC Radio 1"
607,21,1,Tony Lionni , Always There [Freerange],"2016-04-07 - George FitzGerald b2b Bonobo - Residency, BBC Radio 1"
608,22,1,The Native Language , Puerto Toro [Hunt & Gather],"2016-04-07 - George FitzGerald b2b Bonobo - Residency, BBC Radio 1"
609,23,1,Lindstrøm , Closing Shot [Feedelity],"2016-04-07 - George FitzGerald b2b Bonobo - Residency, BBC Radio 1"
610,1,4,Childish Gambino , Redbone [Glassnote],"2016-12-11 - Phil Taggart, Bonobo - Phil Taggart, BBC Radio 1"
611,2,4,SOHN , Conrad [4AD],"2016-12-11 - Phil Taggart, Bonobo - Phil Taggart, BBC Radio 1"
612,3,4,Bonobo , Kerala [Ninja Tune],"2016-12-11 - Phil Taggart, Bonobo - Phil Taggart, BBC Radio 1"
613,4,4,Father John Misty , Real Love Baby [Sub Pop],"2016-12-11 - Phil Taggart, Bonobo - Phil Taggart, BBC Radio 1"
614,5,4,Billie Marten , White Christmas [Chess Club / RCA],"2016-12-11 - Phil Taggart, Bonobo - Phil Taggart, BBC Radio 1"
615,6,4,Romare , Come Close To Me [Ninja Tune],"2016-12-11 - Phil Taggart, Bonobo - Phil Taggart, BBC Radio 1"
616,7,4,Cigarettes After Sex , Affection,"2016-12-11 - Phil Taggart, Bonobo - Phil Taggart, BBC Radio 1"
617,8,4,Tender , Violence,"2016-12-11 - Phil Taggart, Bonobo - Phil Taggart, BBC Radio 1"
618,9,4,Day Wave , Wasting Time [Fiction],"2016-12-11 - Phil Taggart, Bonobo - Phil Taggart, BBC Radio 1"
619,10,4,Maggie Rogers , Dog Years,"2016-12-11 - Phil Taggart, Bonobo - Phil Taggart, BBC Radio 1"
620,11,4,No Name & Chelsea Reject & Phoenix & Saba , Counterfeit,"2016-12-11 - Phil Taggart, Bonobo - Phil Taggart, BBC Radio 1"
621,12,4,Kevin Morby , Beautiful Strangers [Dead Oceans],"2016-12-11 - Phil Taggart, Bonobo - Phil Taggart, BBC Radio 1"
622,13,4,Ciaran Lavery , Have Yourself A Merry Little Christmas (Live),"2016-12-11 - Phil Taggart, Bonobo - Phil Taggart, BBC Radio 1"
623,14,4,MTMBO , The Hill [37 Adventures],"2016-12-11 - Phil Taggart, Bonobo - Phil Taggart, BBC Radio 1"
624,15,4,Burial , Young Death [Hyperdub],"2016-12-11 - Phil Taggart, Bonobo - Phil Taggart, BBC Radio 1"
625,16,4,Cosmo Pyke , Social Sites,"2016-12-11 - Phil Taggart, Bonobo - Phil Taggart, BBC Radio 1"
626,17,4,Conor Oberst , Barbary Coast (Later),"2016-12-11 - Phil Taggart, Bonobo - Phil Taggart, BBC Radio 1"
627,18,4,Loyle Carner , The Isle Of Arran [AMF],"2016-12-11 - Phil Taggart, Bonobo - Phil Taggart, BBC Radio 1"
628,19,4,Julie Byrne , Natural Blue [Basin Rock],"2016-12-11 - Phil Taggart, Bonobo - Phil Taggart, BBC Radio 1"
629,20,4,Jorja Smith , Something In The Way,"2016-12-11 - Phil Taggart, Bonobo - Phil Taggart, BBC Radio 1"
630,1,4,Christian Loeffler & Mohna , Wilderness [Ki],"2016-12-11 - Phil Taggart, Bonobo - Phil Taggart, BBC Radio 1"
631,2,4,Jóhann Jóhannsson , Kangaru [Aramount Pictures / Xenolinguistics],"2016-12-11 - Phil Taggart, Bonobo - Phil Taggart, BBC Radio 1"
632,3,4,Ólafur Arnalds Feat. Sinfonia Nord & Atli Örvarsson , Öldurót [Mercury KX],"2016-12-11 - Phil Taggart, Bonobo - Phil Taggart, BBC Radio 1"
633,4,4,Bing & Ruth , Starwood Choker [4AD],"2016-12-11 - Phil Taggart, Bonobo - Phil Taggart, BBC Radio 1"
634,5,4,Illum Sphere , Ritual [Ninja Tune],"2016-12-11 - Phil Taggart, Bonobo - Phil Taggart, BBC Radio 1"
635,6,4,Bill Evans , Peace Piece [Riverside],"2016-12-11 - Phil Taggart, Bonobo - Phil Taggart, BBC Radio 1"
636,7,4,Bonobo Feat. Rhye , Break Apart [Ninja Tune],"2016-12-11 - Phil Taggart, Bonobo - Phil Taggart, BBC Radio 1"
637,1,4,Pauli , Believe In Me,"2016-12-11 - Phil Taggart, Bonobo - Phil Taggart, BBC Radio 1"
638,2,4,Petrie , To Swim,"2016-12-11 - Phil Taggart, Bonobo - Phil Taggart, BBC Radio 1"
639,3,4,Utrecht , Lately,"2016-12-11 - Phil Taggart, Bonobo - Phil Taggart, BBC Radio 1"
640,1,4,Bison Bonasus , Sheena Had A Nosebleed [Famous Friends],"2016-12-11 - Phil Taggart, Bonobo - Phil Taggart, BBC Radio 1"
641,2,4,Adult Jazz & Makeness , Other Life,"2016-12-11 - Phil Taggart, Bonobo - Phil Taggart, BBC Radio 1"
642,3,4,Michael Kiwanuka , One More Night (SG Lewis Remix) [Polydor],"2016-12-11 - Phil Taggart, Bonobo - Phil Taggart, BBC Radio 1"
643,4,4,B.Traits , North Shore [In Toto],"2016-12-11 - Phil Taggart, Bonobo - Phil Taggart, BBC Radio 1"
644,5,4,Joe Goddard , Lose Your Love [Greco,"2016-12-11 - Phil Taggart, Bonobo - Phil Taggart, BBC Radio 1"
645,6,4,Icarus , Hiding [Anjunadeep],"2016-12-11 - Phil Taggart, Bonobo - Phil Taggart, BBC Radio 1"
646,7,4,Special Request , Unknown [White / Houndstooth],"2016-12-11 - Phil Taggart, Bonobo - Phil Taggart, BBC Radio 1"
647,8,4,Technimatic , Nightvision VIP [Shogun],"2016-12-11 - Phil Taggart, Bonobo - Phil Taggart, BBC Radio 1"
648,9,4,Nick Hook Feat. Novelist , Can't Tell Me Nothing [Fools Gold],"2016-12-11 - Phil Taggart, Bonobo - Phil Taggart, BBC Radio 1"
649,10,4,AJ Tracey , Pasta,"2016-12-11 - Phil Taggart, Bonobo - Phil Taggart, BBC Radio 1"
650,11,4,Dimension , UK [MTA],"2016-12-11 - Phil Taggart, Bonobo - Phil Taggart, BBC Radio 1"
651,1,1,Bing & Ruth , Starwood Choker,"2016-12-16 - Bonobo - Outlier Radio 004, NTS Radio"
652,2,1,Bruce Trail , Over Falls,"2016-12-16 - Bonobo - Outlier Radio 004, NTS Radio"
653,3,1,Kid Fonque , Bossa Over ?,"2016-12-16 - Bonobo - Outlier Radio 004, NTS Radio"
654,4,1,DJ Click La Dame En Rouge (Dub Mix), Bossa Over ?,"2016-12-16 - Bonobo - Outlier Radio 004, NTS Radio"
655,5,1,Dan Kye , Change,"2016-12-16 - Bonobo - Outlier Radio 004, NTS Radio"
656,6,1,Willow , Untitled A2,"2016-12-16 - Bonobo - Outlier Radio 004, NTS Radio"
657,7,1,Weedy of 40 Winks , For Us,"2016-12-16 - Bonobo - Outlier Radio 004, NTS Radio"
658,8,1,Linkwood , What's Up With the Underground,"2016-12-16 - Bonobo - Outlier Radio 004, NTS Radio"
659,9,1,Teo Moss feat. Rush , Show Me The Way,"2016-12-16 - Bonobo - Outlier Radio 004, NTS Radio"
660,10,1,John Talabot , Voices,"2016-12-16 - Bonobo - Outlier Radio 004, NTS Radio"
661,11,1,Disciples of Sound , Dirty (Original Mix),"2016-12-16 - Bonobo - Outlier Radio 004, NTS Radio"
662,12,1,Dark Sky , Kilter,"2016-12-16 - Bonobo - Outlier Radio 004, NTS Radio"
663,13,1,Black Coffee feat. Nakhane Toure , We Dance Again,"2016-12-16 - Bonobo - Outlier Radio 004, NTS Radio"
664,14,1,Obongjayar , Creeping,"2016-12-16 - Bonobo - Outlier Radio 004, NTS Radio"
665,15,1,Yellow Days , Gap In The Clouds,"2016-12-16 - Bonobo - Outlier Radio 004, NTS Radio"
666,16,1,Willie West , I'm Still a Man (Lord Have Mercy),"2016-12-16 - Bonobo - Outlier Radio 004, NTS Radio"
667,17,1,Tenderlonious , Song For My Father,"2016-12-16 - Bonobo - Outlier Radio 004, NTS Radio"
668,18,1,Ross From Friends , Talk to Me You'll Understand,"2016-12-16 - Bonobo - Outlier Radio 004, NTS Radio"
669,19,1,Youandewan , Our Odyssey,"2016-12-16 - Bonobo - Outlier Radio 004, NTS Radio"
670,20,1,Smerz , Sure,"2016-12-16 - Bonobo - Outlier Radio 004, NTS Radio"
671,21,1,Bonobo , Unreleased Track,"2016-12-16 - Bonobo - Outlier Radio 004, NTS Radio"
672,22,1,Soccer96 feat. Swann Hunter , Flight Formation,"2016-12-16 - Bonobo - Outlier Radio 004, NTS Radio"
673,23,1,Harmonious Thelonious , Drums and Claps,"2016-12-16 - Bonobo - Outlier Radio 004, NTS Radio"
674,24,1,DJ Q , Feelin' Moody,"2016-12-16 - Bonobo - Outlier Radio 004, NTS Radio"
675,25,1,Yamato , The Black Cat,"2016-12-16 - Bonobo - Outlier Radio 004, NTS Radio"
676,26,1,Matteus Tavares , My Money's Gone,"2016-12-16 - Bonobo - Outlier Radio 004, NTS Radio"
677,27,1,Jullian Gomes , Somewhere,"2016-12-16 - Bonobo - Outlier Radio 004, NTS Radio"
678,1,1,[000] Bonobo , Bambro Koyo Ganda,"2017-02-10 - Bonobo @ Mixmag Live, Village Underground, London"
679,2,1,[006] Bonobo , Outlier,"2017-02-10 - Bonobo @ Mixmag Live, Village Underground, London"
680,3,1,[011] Nadastrom vs Heartbreak , Church,"2017-02-10 - Bonobo @ Mixmag Live, Village Underground, London"
681,4,1,[015] Bonobo , 7th Sevens,"2017-02-10 - Bonobo @ Mixmag Live, Village Underground, London"
682,5,1,[018] Concept Neuf , The Path,"2017-02-10 - Bonobo @ Mixmag Live, Village Underground, London"
683,6,1,[023] Bonobo , Cirrus,"2017-02-10 - Bonobo @ Mixmag Live, Village Underground, London"
684,7,1,[029] DJ Click , Lila Club (Radio Edit),"2017-02-10 - Bonobo @ Mixmag Live, Village Underground, London"
685,8,1,[033] O'Flynn , Tyrion,"2017-02-10 - Bonobo @ Mixmag Live, Village Underground, London"
686,9,1,[035] Bonobo , We Could Forever,"2017-02-10 - Bonobo @ Mixmag Live, Village Underground, London"
687,10,1,[039] SOCCER96 , Flight Formation (Danny Krivit Edit),"2017-02-10 - Bonobo @ Mixmag Live, Village Underground, London"
688,11,1,[045] Tee Mango , Leave You,"2017-02-10 - Bonobo @ Mixmag Live, Village Underground, London"
689,12,1,[047] Bonobo , Boston Common,"2017-02-10 - Bonobo @ Mixmag Live, Village Underground, London"
690,13,1,[053] Denis Sulta , Nein Fortiate,"2017-02-10 - Bonobo @ Mixmag Live, Village Underground, London"
691,14,1,[058] John Talabot , Voices,"2017-02-10 - Bonobo @ Mixmag Live, Village Underground, London"
692,15,1,[061] Appleblim , Avebury,"2017-02-10 - Bonobo @ Mixmag Live, Village Underground, London"
693,16,1,[067] Butch , Dope,"2017-02-10 - Bonobo @ Mixmag Live, Village Underground, London"
694,17,1,[072] Scottie B , Niggaz Fightin,"2017-02-10 - Bonobo @ Mixmag Live, Village Underground, London"
695,18,1,[078] KiNK , Existence,"2017-02-10 - Bonobo @ Mixmag Live, Village Underground, London"
696,19,1,[082] Dinky , Casa (Axel Boman Dub Mix),"2017-02-10 - Bonobo @ Mixmag Live, Village Underground, London"
697,20,1,[085] Fela Kuti , Shakara (Ossie's Bump Edit),"2017-02-10 - Bonobo @ Mixmag Live, Village Underground, London"
698,21,1,[092] Ryan Anthony , Get Together,"2017-02-10 - Bonobo @ Mixmag Live, Village Underground, London"
699,22,1,[097] Moloko , Sing It Back (Maribou State Edit),"2017-02-10 - Bonobo @ Mixmag Live, Village Underground, London"
700,23,1,[100] Dark Sky , IYP,"2017-02-10 - Bonobo @ Mixmag Live, Village Underground, London"
701,24,1,[103] Bonobo , Kerala,"2017-02-10 - Bonobo @ Mixmag Live, Village Underground, London"
702,25,1,[106] Dark Sky , Kilter,"2017-02-10 - Bonobo @ Mixmag Live, Village Underground, London"
703,26,1,[112] Young Marco Feat. What I Had , The Best I Could Do,"2017-02-10 - Bonobo @ Mixmag Live, Village Underground, London"
704,27,1,[114] B.Traits , North Shore,"2017-02-10 - Bonobo @ Mixmag Live, Village Underground, London"
705,1,1,Bonobo , Bambro Koyo Ganda (Ghost Edit),2017-02-14 - Bonobo - The Cover Mix
706,2,1,O'Flynn , Glow Worm,2017-02-14 - Bonobo - The Cover Mix
707,3,1,Bonobo , Outlier,2017-02-14 - Bonobo - The Cover Mix
708,4,1,Theo Parrish , Warrior Code,2017-02-14 - Bonobo - The Cover Mix
709,5,1,Bonobo , No Reason (Instrumental),2017-02-14 - Bonobo - The Cover Mix
710,6,1,Hot Chip , Atomic Bomb (John Talabot Remix),2017-02-14 - Bonobo - The Cover Mix
711,7,1,Kidkanevil Feat. Phasma , Inakunaru (Bonobo Reshuffle),2017-02-14 - Bonobo - The Cover Mix
712,8,1,Soccer96 Feat. Swann Hunter , Flight Formation (Glenn Astro DJ,2017-02-14 - Bonobo - The Cover Mix
713,9,1,Music People , Always On,2017-02-14 - Bonobo - The Cover Mix
714,10,1,Liquid Dope , Terra,2017-02-14 - Bonobo - The Cover Mix
715,11,1,Axel Boman , Moon Dancer,2017-02-14 - Bonobo - The Cover Mix
716,12,1,Youandewan , 10405 (Alice),2017-02-14 - Bonobo - The Cover Mix
717,13,1,Denis Sulta , Nein Fortiate,2017-02-14 - Bonobo - The Cover Mix
718,14,1,Gold Panda , Chiba Days,2017-02-14 - Bonobo - The Cover Mix
719,1,1,[0:00:00] Bonobo , Migration,"2017-03-25 - Bonobo (Live PA) @ 6 Music Festival, Glasgow, Scotland"
720,2,1,[0:05:50] Bonobo , 7th Sevens,"2017-03-25 - Bonobo (Live PA) @ 6 Music Festival, Glasgow, Scotland"
721,3,1,[0:10:23] Bonobo Feat. Szjerdene , Break Apart,"2017-03-25 - Bonobo (Live PA) @ 6 Music Festival, Glasgow, Scotland"
722,4,1,[0:14:52] Bonobo Feat. Szjerdene , Towers,"2017-03-25 - Bonobo (Live PA) @ 6 Music Festival, Glasgow, Scotland"
723,5,1,[0:21:44] Bonobo , Kiara / TT / Kong,"2017-03-25 - Bonobo (Live PA) @ 6 Music Festival, Glasgow, Scotland"
724,6,1,[0:30:37] Bonobo Feat. Szjerdene , Surface,"2017-03-25 - Bonobo (Live PA) @ 6 Music Festival, Glasgow, Scotland"
725,7,1,[0:34:42] Bonobo , Bambro,"2017-03-25 - Bonobo (Live PA) @ 6 Music Festival, Glasgow, Scotland"
726,8,1,[0:38:30] Bonobo , Cirrus,"2017-03-25 - Bonobo (Live PA) @ 6 Music Festival, Glasgow, Scotland"
727,9,1,[0:43:02] Bonobo , Outlier,"2017-03-25 - Bonobo (Live PA) @ 6 Music Festival, Glasgow, Scotland"
728,10,1,[0:47:07] Bonobo , Flashlight,"2017-03-25 - Bonobo (Live PA) @ 6 Music Festival, Glasgow, Scotland"
729,11,1,[0:50:27] Bonobo , We Could Forever,"2017-03-25 - Bonobo (Live PA) @ 6 Music Festival, Glasgow, Scotland"
730,12,1,[0:54:58] Bonobo Feat. Szjerdene , No Reason,"2017-03-25 - Bonobo (Live PA) @ 6 Music Festival, Glasgow, Scotland"
731,13,1,[1:02:44] Bonobo , Ontario,"2017-03-25 - Bonobo (Live PA) @ 6 Music Festival, Glasgow, Scotland"
732,14,1,[1:06:51] Bonobo , Figures,"2017-03-25 - Bonobo (Live PA) @ 6 Music Festival, Glasgow, Scotland"
733,15,1,[1:12:17] Bonobo , Kerala,"2017-03-25 - Bonobo (Live PA) @ 6 Music Festival, Glasgow, Scotland"
734,16,1,[1:18:27] Bonobo , Transits,"2017-03-25 - Bonobo (Live PA) @ 6 Music Festival, Glasgow, Scotland"
735,17,1,[1:22:25] Bonobo , Know You,"2017-03-25 - Bonobo (Live PA) @ 6 Music Festival, Glasgow, Scotland"
736,1,1,Chihei Hatakeyama , Prince of the Sea,"2017-11-20 - Bonobo - Outlier Radio, NTS Radio"
737,2,1,Sudan Archives , Come Meh Way,"2017-11-20 - Bonobo - Outlier Radio, NTS Radio"
738,3,1,Zara McFarlane , In Between Worlds,"2017-11-20 - Bonobo - Outlier Radio, NTS Radio"
739,4,1,Susso , Alagi,"2017-11-20 - Bonobo - Outlier Radio, NTS Radio"
740,5,1,Blue Lab Beats , Pineapple feat. Moses Boyd & Nérija,"2017-11-20 - Bonobo - Outlier Radio, NTS Radio"
741,6,1,Harmonious Thelonious , Apakapa,"2017-11-20 - Bonobo - Outlier Radio, NTS Radio"
742,7,1,"James Holden, The Animal Spirits ", Pass Through the Fire,"2017-11-20 - Bonobo - Outlier Radio, NTS Radio"
743,8,1,Mammal Hands , Boreal Forest,"2017-11-20 - Bonobo - Outlier Radio, NTS Radio"
744,9,1,HNNY , Till Dig,"2017-11-20 - Bonobo - Outlier Radio, NTS Radio"
745,10,1,Photay , Inharmonious Slog,"2017-11-20 - Bonobo - Outlier Radio, NTS Radio"
746,11,1,Lord Echo , Life on Earth,"2017-11-20 - Bonobo - Outlier Radio, NTS Radio"
747,12,1,George Fitzgerald , Burns,"2017-11-20 - Bonobo - Outlier Radio, NTS Radio"
748,13,1,Kaitlyn Aurelia Smith , I Will Make Room for You (Four Tet Remix),"2017-11-20 - Bonobo - Outlier Radio, NTS Radio"
749,14,1,Matt Karmil , Can't Find It (The House Sound),"2017-11-20 - Bonobo - Outlier Radio, NTS Radio"
750,15,1,DJ Richard , Path of Ruin (Pain Mix),"2017-11-20 - Bonobo - Outlier Radio, NTS Radio"
751,16,1,Avalon Emerson , One More Fluorescent Rush,"2017-11-20 - Bonobo - Outlier Radio, NTS Radio"
752,17,1,Lone , Arc,"2017-11-20 - Bonobo - Outlier Radio, NTS Radio"
753,18,1,DJ Seinfeld , U Hold Me Without Touch,"2017-11-20 - Bonobo - Outlier Radio, NTS Radio"
754,19,1,Bicep , Glue,"2017-11-20 - Bonobo - Outlier Radio, NTS Radio"
755,20,1,Kiamsmos , Blurred (Bonobo Remix),"2017-11-20 - Bonobo - Outlier Radio, NTS Radio"
756,21,1,Walton , Praying Mantis,"2017-11-20 - Bonobo - Outlier Radio, NTS Radio"
757,22,1,Djrum , Showreel Pt. 2,"2017-11-20 - Bonobo - Outlier Radio, NTS Radio"
758,23,1,Appleblim , Sacred Rowan Grove,"2017-11-20 - Bonobo - Outlier Radio, NTS Radio"
759,24,1,Agnes Obel , Stretch Your Eyes (Quiet Village Remix),"2017-11-20 - Bonobo - Outlier Radio, NTS Radio"
760,25,1,Penya , Why So Angry,"2017-11-20 - Bonobo - Outlier Radio, NTS Radio"
761,26,1,Anenon , Verso,"2017-11-20 - Bonobo - Outlier Radio, NTS Radio"
