,track_id,artist,track,album,duration,tempo,energy,danceability,valence,key,time_signature,acousticness,instrumentalness,mode,styles,cluster
0,2t7OLqJA5oD5I5QZRwMPAR,Healion,About Breathing,"In Light, It Undoes Nothing...",7.2,160,0.676,0.618,0.146,F#,4,0.0609,0.735,0,"['Drum n Bass', 'IDM', 'Leftfield']",rápidas
1,1adXPHPWJrsa90kHuJZNrV,Healion,About Breathing - Remix,"In Light, It Undoes Nothing...",6.14,160,0.913,0.724,0.948,D#,4,0.0269,0.821,0,"['Drum n Bass', 'IDM', 'Leftfield']",medias
2,5sBXirjKrYh57rEGOiUBtP,Healion,Vetiver,"In Light, It Undoes Nothing...",4.62,128,0.594,0.644,0.585,G#,4,0.48,0.889,0,"['Drum n Bass', 'IDM', 'Leftfield']",rápidas
3,6EnNR8NnMTznFVowHfWPk8,Healion,I'll See It When I Believe It,"In Light, It Undoes Nothing...",4.38,113,0.523,0.22,0.287,A,4,0.483,0.773,0,"['Drum n Bass', 'IDM', 'Leftfield']",medias
4,33wGiihh5zKVLAb3J3DvBk,Healion,Gathering,"In Light, It Undoes Nothing...",4.05,150,0.882,0.578,0.821,F#,4,0.496,0.877,1,"['Drum n Bass', 'IDM', 'Leftfield']",medias
5,1SVfU1SegvoS7E8t1ala4d,Huerta,Pain Relief,Junipero,4.29,80,0.314,0.305,0.344,G,5,0.891,0.0125,1,"['Ambient', 'Deep House']",medias
6,2ZKnXvGqQ3cVYmUlUFEzDh,Huerta,Blanket Dub,Junipero,6.24,118,0.713,0.565,0.33,C,4,0.653,0.936,0,"['Ambient', 'Deep House']",rápidas
7,18HKb8orGh5CZtzcezYUy7,Huerta,Mutualism,Junipero,4.75,128,0.757,0.689,0.722,G,4,0.831,0.888,0,"['Ambient', 'Deep House']",rápidas
8,0jj2x7OST0shCGjfgifHyS,Huerta,It Goes over Me,Junipero,3.81,82,0.0742,0.179,0.0639,B,5,0.794,0.92,0,"['Ambient', 'Deep House']",lentas
9,3YEojiLatViYEOq8pCwqeg,Huerta,All Wild Things Are Shy,Junipero,4.36,132,0.812,0.671,0.404,C,4,0.0371,0.823,0,"['Ambient', 'Deep House']",rápidas
10,2PSFYm7x9XQjAPzGx59Fix,Huerta,Aerial Interlude,Junipero,2.2,81,0.0568,0.164,0.0395,C#,4,0.979,0.974,0,"['Ambient', 'Deep House']",lentas
11,2riha2KKZMqEPtnK0HaT1j,Huerta,Plant Memory,Junipero,8.0,82,0.533,0.377,0.346,F,4,0.953,0.937,1,"['Ambient', 'Deep House']",medias
12,5O5vhPvmMpNiUcqe1qC6AK,Huerta,Waxwing Air,Junipero,3.43,127,0.844,0.799,0.719,F#,4,0.0803,0.886,0,"['Ambient', 'Deep House']",rápidas
13,00psxjEcTkNXI6aN2AS0eK,Huerta,The Ritual,Junipero,4.91,127,0.965,0.764,0.833,G,4,0.121,0.902,1,"['Ambient', 'Deep House']",medias
14,3ORpfjOzaZhv4pcWfnl9lX,Huerta,Road to Toco,Junipero,5.29,127,0.897,0.713,0.823,F#,4,0.775,0.32,1,"['Ambient', 'Deep House']",rápidas
15,37kukgcBEhxyl6wXxdW7T3,Huerta,Tiles & Glass,Junipero,7.76,83,0.455,0.174,0.0263,A#,4,0.654,0.909,0,"['Ambient', 'Deep House']",medias
16,7lZsH3cKcwOFWDIZe03Xo1,Perko,Swirral Edge,Galerie,6.04,66,0.284,0.241,0.0574,E,4,0.814,0.952,0,,lentas
17,6uwcQwvsEjOVsaCb0ItzX3,Perko,Galerie,Galerie,3.83,126,0.0885,0.464,0.11,G#,4,0.995,0.957,1,,medias
18,2UME9I15BKUwUUmBkLTWJu,Perko,Interlude,Galerie,1.14,88,0.486,0.381,0.0388,C#,3,0.334,0.794,0,,medias
19,1mH7JeLR84GjXwa4tZBnX6,Perko,Edie,Galerie,3.9,129,0.107,0.244,0.0688,F,5,0.971,0.926,1,,lentas
20,0I6WVW9P5fjiR5tpGAVrJw,Perko,Striding Edge,Galerie,4.9,111,0.505,0.186,0.0372,F#,3,0.985,0.974,0,,medias
21,1bM2e3fY5IULzm4ytSZatw,Perko,Scramble,Galerie,1.34,111,0.842,0.262,0.0199,C#,5,0.975,0.993,1,,medias
22,0RX6QzU0MM8rluWDYexZB3,Perko,Marri,Galerie,5.36,73,0.119,0.133,0.036,F,3,0.174,0.906,1,,lentas
23,507rYNtpjSjBIpmfsxZOkw,Perko,Oak,Galerie,5.6,68,0.00346,0.0783,0.0643,C,4,0.859,0.971,0,,medias
24,2RQV2cmghvRD6Kr1zbUqEd,Area 3,Bubble,Area 3,10.45,72,0.315,0.0636,0.0352,E,4,0.661,0.949,1,"['House', 'Deep House']",medias
25,0Fco2DGV9lXlqLzbQ3VQ1n,Area 3,Feb Patch,Area 3,4.73,103,0.537,0.245,0.334,C#,3,0.984,0.178,0,"['House', 'Deep House']",medias
26,0tzAfRpaJ5L0NyGWvtajl0,Area 3,Mod 3,Area 3,5.77,168,0.107,0.118,0.0388,D#,4,0.967,0.978,0,"['House', 'Deep House']",medias
27,5cL29hQQB1H5IkICLO3ead,Area 3,Ssky,Area 3,11.56,108,0.412,0.4,0.292,F#,1,0.924,0.906,1,"['House', 'Deep House']",rápidas
28,2uuWydcYuLjEIsOLR0Tfjm,Area 3,Planetarium,Area 3,5.76,105,0.702,0.271,0.325,C,1,0.917,0.915,1,"['House', 'Deep House']",medias
29,70BluzZHkzrYOeCtq5szhi,Area 3,Pluck,Area 3,4.09,188,0.574,0.549,0.354,C#,4,0.895,0.958,1,"['House', 'Deep House']",medias
30,6NLAH3uaOwEwNEBZIcaEnk,Andrew Pekler,Approximate Bermeja,Sounds From Phantom Islands,3.15,116,0.421,0.485,0.82,D,3,0.867,0.962,1,['Abstract'],medias
31,72f58kIlvA9l1OWrfGt6Lu,Andrew Pekler,Hy Brasil,Sounds From Phantom Islands,5.03,172,0.532,0.176,0.229,F,5,0.164,0.827,0,['Abstract'],medias
32,1m3bBuESPcXHiB8VCw8ZYj,Andrew Pekler,Sunshower at Sandy Island,Sounds From Phantom Islands,3.85,89,0.445,0.266,0.143,E,4,0.914,0.768,0,['Abstract'],medias
33,2i3QvsAQVfNqLJnDUh3KEa,Andrew Pekler,Saxenburgh / Pepys / Aurora,Sounds From Phantom Islands,4.97,76,0.311,0.341,0.0785,D#,5,0.775,0.518,1,['Abstract'],lentas
34,2H31cM29jM7l3fuSwUdDBI,Andrew Pekler,Los Jardines,Sounds From Phantom Islands,3.66,80,0.338,0.298,0.386,G#,3,0.962,0.685,1,['Abstract'],medias
35,4yy0hEVXuXyHWr1nJKw9Ze,Andrew Pekler,Taprobana,Sounds From Phantom Islands,3.17,125,0.726,0.453,0.343,C#,4,0.906,0.0123,0,['Abstract'],rápidas
36,6D76C2AAbZLVwyBSwhAGs2,Andrew Pekler,Description of Rain (Over Frisland),Sounds From Phantom Islands,4.44,131,0.254,0.163,0.104,D,5,0.636,0.921,0,['Abstract'],lentas
37,2lcOhy57tGjdLOirmNvdnT,Andrew Pekler,Fonseca Winds (Lament),Sounds From Phantom Islands,3.71,133,0.522,0.239,0.273,G#,5,0.745,0.879,1,['Abstract'],medias
38,1vqacZBMitQFuSFn1Pdgga,Andrew Pekler,Onaseuse / Crespo / Rica de Oro,Sounds From Phantom Islands,3.08,98,0.325,0.464,0.0594,C,1,0.773,3.63e-06,1,['Abstract'],medias
39,14Z9OMgdWUwnol9SxCRP8J,Andrew Pekler,Tuanahe,Sounds From Phantom Islands,4.27,130,0.165,0.456,0.41,F,5,0.885,0.86,0,['Abstract'],medias
40,6D5FTWiKSAayZOqZe2nkOd,Roméo Poirier,Thalassocratie,Hotel Nota,4.97,175,0.155,0.245,0.148,F,4,0.873,0.898,0,['Ambient'],medias
41,4mtcMcIG9oxwevTbLu8wiN,Roméo Poirier,Longe-côte,Hotel Nota,5.5,108,0.506,0.324,0.0734,F,3,0.851,0.885,1,['Ambient'],medias
42,6dO4XxKrPZHMkUsUpqBvPS,Roméo Poirier,Trace palmaire,Hotel Nota,4.33,124,0.586,0.369,0.0384,F,4,0.691,0.922,1,['Ambient'],medias
43,0E496U0jKcMlEMwMVgofa3,Roméo Poirier,Le bématiste,Hotel Nota,3.45,75,0.463,0.493,0.181,G#,4,0.709,0.975,1,['Ambient'],medias
44,4jIjvxDqJl2eIxWWf1ZELE,Roméo Poirier,Sablage,Hotel Nota,3.33,109,0.23,0.268,0.115,C#,1,0.98,0.923,1,['Ambient'],lentas
45,0aBoMhb7VlK0n4xCTDSzFt,Roméo Poirier,Hotel Nota,Hotel Nota,3.55,138,0.343,0.197,0.162,B,4,0.947,0.826,0,['Ambient'],medias
46,5ZS7Hz5ZF9rUNQMSrZ2rEY,Roméo Poirier,Pénombre,Hotel Nota,2.73,172,0.238,0.168,0.0397,F#,4,0.979,0.927,0,['Ambient'],medias
47,1EsZYfWyQUlKXWEGAZS2zH,Roméo Poirier,Du rocher,Hotel Nota,4.4,89,0.406,0.221,0.321,E,4,0.938,0.927,0,['Ambient'],lentas
48,3yz0xFjNdS6kGoajV2N9Os,Roméo Poirier,Ekphrasis,Hotel Nota,5.37,207,0.526,0.199,0.312,G#,4,0.777,0.896,1,['Ambient'],medias
49,5pPAa9NhRFG9SLaZyGLNSg,Roméo Poirier,Raccordement,Hotel Nota,3.45,119,0.241,0.242,0.0641,G,5,0.941,0.879,0,['Ambient'],lentas
50,6PK4dYjTLP4enXmQYiwXAc,Roméo Poirier,Balayage,Hotel Nota,1.75,62,0.327,0.276,0.217,E,4,0.992,0.681,1,['Ambient'],medias
51,6ogpXM3LUArjFisNm5hqmS,Leif,Yarrow,Loom Dream,7.08,168,0.218,0.408,0.0869,A,4,0.965,0.648,0,"['Ambient', 'Minimal', 'Downtempo']",medias
52,2SHNWbHIDrxIarfJ7mewRR,Leif,Borage,Loom Dream,4.21,156,0.49,0.495,0.135,C,3,0.723,0.908,1,"['Ambient', 'Minimal', 'Downtempo']",medias
53,5HF3RyQVJFM9FFB5r3NTeO,Leif,Myrtus,Loom Dream,5.45,147,0.314,0.229,0.075,B,4,0.976,0.887,0,"['Ambient', 'Minimal', 'Downtempo']",medias
54,7DAarY8ToTm3LIvZx7Snqj,Leif,Mimosa,Loom Dream,7.6,109,0.25,0.16,0.0357,A,4,0.811,0.921,0,"['Ambient', 'Minimal', 'Downtempo']",lentas
55,3c5WpolRa4zFWbkrOaoeDM,Leif,Rosa,Loom Dream,5.9,136,0.549,0.599,0.136,C,4,0.923,0.885,1,"['Ambient', 'Minimal', 'Downtempo']",rápidas
56,652xtNbI8BV8aYzunGPXbd,Leif,Pteridium,Loom Dream,3.86,102,0.602,0.419,0.0697,F#,4,0.0154,0.925,0,"['Ambient', 'Minimal', 'Downtempo']",medias
57,4FPiRgGEf1zMgR0dvREQ5M,Leif,Seven Hour Flight to Nowhere,9 Airs,5.04,110,0.398,0.659,0.145,F#,4,0.735,0.822,0,['Avantgarde'],medias
58,0rqeWRE02DdUUPwgPXEIle,Leif,Hold Gem Cut,9 Airs,2.69,93,0.217,0.109,0.0338,C#,4,0.946,0.995,0,['Avantgarde'],lentas
59,4C7YRjmh0gdKgnp2VsoEKx,Leif,Hiding in Plain Sight,9 Airs,3.89,144,0.395,0.813,0.727,A,4,0.0298,0.886,1,['Avantgarde'],medias
60,5B2pOEwvvLU1dX9oJZ02tF,Leif,Looking Inside to See How it Works,9 Airs,1.63,80,0.332,0.627,0.386,A,5,0.273,0.934,1,['Avantgarde'],medias
61,4YwXdpaPGbTvbVfgLX6yEj,Leif,Low D,9 Airs,5.7,180,0.372,0.75,0.64,B,3,0.928,0.88,1,['Avantgarde'],medias
62,5Jo6fbT623z427xsUqMBaX,Leif,Emotional Risk Assessment,9 Airs,6.57,100,0.0147,0.131,0.048,C#,4,0.957,0.974,1,['Avantgarde'],lentas
63,6oSI9ljiEvkqpukZI7f6go,Leif,Every Weather,9 Airs,5.7,172,0.356,0.511,0.309,E,4,0.605,0.86,0,['Avantgarde'],medias
64,5qm0meOjD3Q4OzuATCqVYj,Leif,Wake Up Now,9 Airs,3.46,100,0.248,0.544,0.346,G,4,0.97,0.915,1,['Avantgarde'],medias
65,3t4lLwmP09HQuDX7AGYJjV,Leif,Tapping on a Hollow Body,9 Airs,4.45,138,0.245,0.42,0.0774,G,4,0.394,0.857,1,['Avantgarde'],medias
66,6JUeLzeiUUnWGpT6Wug9Ac,Glint,Ledger,Glint,1.1,76,0.0326,0.128,0.101,C,4,0.99,0.988,1,['Ambient'],lentas
67,4WG47BJAdWRHo3LmLDWwE5,Glint,Tilt,Glint,8.97,108,0.94,0.188,0.067,C#,4,0.0257,0.766,1,['Ambient'],medias
68,5YrNJuRTNd6MZv1PL5d8aG,Glint,Passerby,Glint,9.03,126,0.301,0.571,0.549,D,3,0.921,0.914,1,['Ambient'],medias
69,5jUq0nXuYEbqCuQ8b9mwxB,Glint,Thicket,Glint,4.9,82,0.451,0.114,0.222,E,3,6.79e-06,0.766,0,['Ambient'],medias
70,1MdetruYRBtJ1eHjRG9W41,Glint,Full Cavity,Glint,3.67,96,0.655,0.13,0.105,C,3,0.0605,0.584,1,['Ambient'],medias
71,1KS4cWz7I7AtDZ7r6FZBY8,Glint,Homebody,Glint,9.8,126,0.579,0.215,0.0369,A#,3,0.572,0.562,1,['Ambient'],medias
72,75fDSWpBijrU5HQ8f7i3Et,Glint,Steps to Breath,Glint,6.53,134,0.834,0.333,0.0326,F,4,0.0126,0.306,0,['Ambient'],medias
73,3VSqwtsmt951bz23NuHm3P,Glint,Opal,Glint,6.31,74,0.385,0.175,0.144,G#,4,0.659,0.801,0,['Ambient'],medias
74,6NkRlmnud0yacHcN4MGLQn,Glint,True Gleam,Glint,3.76,131,0.374,0.58,0.499,F#,3,0.758,0.913,0,['Ambient'],medias
75,2oEuzpAeaiLmqjqHwPcq2q,Peter Power,Home Is In The Mountains,Earth Love,4.66,79,0.117,0.3,0.0671,G,4,0.899,0.00946,0,,lentas
76,54nx6Z9R5IclwVwlGYEiHW,Peter Power,Life Love Impulse,Earth Love,6.75,130,0.212,0.336,0.0913,G,4,0.969,0.904,0,,lentas
77,1zyVMvPuwCsIXRV6Dw7GwH,Peter Power,Earth Love,Earth Love,22.76,70,0.125,0.112,0.0363,E,1,0.85,0.888,0,,lentas
78,4Z4K6Scj7l4xvVpZhQQOWq,Area 3,Amb,Amb,8.93,66,0.199,0.0629,0.0314,D#,3,0.987,0.975,0,,lentas
79,4qG96tswR5tMdyGTETbwHF,Area 3,Kalma 2mg,Amb,4.95,132,0.299,0.341,0.196,C#,4,0.946,0.911,1,,medias
80,6JZOsK1kAcRmquvnGaLRic,Area 3,April,Amb,6.53,158,0.452,0.611,0.0794,G#,1,0.841,0.926,1,,medias
81,3U9bpVhCkYYvAbVqmLmq6k,Area 3,Whale,Amb,7.32,59,0.4,0.191,0.299,B,4,0.975,0.89,0,,medias
82,1niwwOUJfpDqIqnzDzqpmz,Area 3,Petal Patch,Amb,8.29,120,0.443,0.175,0.331,C,3,0.986,0.278,1,,medias
83,0kNZRUygxWbiLdmNPgFZEa,Area 3,Pluck II,Amb,5.34,141,0.156,0.49,0.138,C#,4,0.851,0.903,1,,medias
84,2Mt27qdkzzjwSQq2TbTRnN,Jon Hopkins,Welcome,Music For Psychedelic Therapy,6.38,139,0.234,0.143,0.0369,A#,4,0.801,0.956,1,['Ambient'],lentas
85,3zoIy4ZqZoq1nFshkGjgdo,Jon Hopkins,"Tayos Caves, Ecuador i",Music For Psychedelic Therapy,6.26,92,0.196,0.104,0.0368,F#,4,0.911,0.954,0,['Ambient'],lentas
86,0PAsdNDe9zjkKGYjNww7lx,Jon Hopkins,"Tayos Caves, Ecuador ii",Music For Psychedelic Therapy,5.13,136,0.235,0.151,0.18,A,4,0.821,0.816,1,['Ambient'],lentas
87,44GTsI6oCKFrKH7satg4e4,Jon Hopkins,"Tayos Caves, Ecuador iii",Music For Psychedelic Therapy,7.65,132,0.859,0.16,0.0345,E,4,0.022,0.0103,1,['Ambient'],medias
88,3G13xOZCkA74whPRazHnrF,Jon Hopkins,Love Flows Over Us In Prismatic Waves,Music For Psychedelic Therapy,6.88,130,0.27,0.185,0.0753,F,3,0.805,0.806,1,['Ambient'],lentas
89,3MBvqGGviFJHmHXJ9AGHa5,Jon Hopkins,Deep In The Glowing Heart,Music For Psychedelic Therapy,8.85,115,0.326,0.168,0.0363,F,4,0.171,0.916,1,['Ambient'],lentas
90,3TqSk9b44VmdSgGllFcqmA,Jon Hopkins,"Ascending, Dawn Sky",Music For Psychedelic Therapy,9.37,83,0.115,0.0802,0.0307,C,4,0.838,0.828,1,['Ambient'],lentas
91,52r5W1VYL4ESTrOLh9oXJ9,Jon Hopkins,Arriving,Music For Psychedelic Therapy,4.6,65,0.124,0.0582,0.632,G,4,0.708,0.186,1,['Ambient'],lentas
92,7Bl1GdYbcJ0QSffErVWOnv,Jon Hopkins,Sit Around The Fire,Music For Psychedelic Therapy,8.38,63,0.231,0.219,0.157,G#,3,0.92,0.793,1,['Ambient'],lentas
93,6N4Dug2mwSwmJN02LHyNRM,Celer,"80,000 Feet",Nacreous Clouds,2.42,142,0.243,0.137,0.0335,G,4,0.398,0.903,1,['Ambient'],medias
94,6rYgp4bxLslXE4ZS4ZR1iu,Celer,Taking Measures Toward Morning,Nacreous Clouds,1.73,70,0.0269,0.222,0.0307,D,4,0.906,0.973,1,['Ambient'],lentas
95,6leWhtGqsyfYI6emSxNYlz,Celer,Cherry Souls Awakening,Nacreous Clouds,2.03,69,0.00872,0.115,0.0292,D,4,0.994,0.609,1,['Ambient'],lentas
96,5uN7RB0ZFJ4LjHEYtZX8vW,Celer,"Scarfs, Blisters and Night Lights",Nacreous Clouds,2.63,0,5.83e-05,0.0,0.0,F,0,0.843,0.993,1,['Ambient'],medias
97,2mBJw8btIQFaZKjnRV2K3H,Celer,Artificial Colours,Nacreous Clouds,2.77,120,0.0813,0.218,0.0232,C,4,0.904,0.864,1,['Ambient'],lentas
98,0vbbwzQfT1rUq6LBjJVkk3,Celer,Swift and Ersatz Cough to Morning,Nacreous Clouds,2.28,128,0.119,0.163,0.0241,A,4,0.956,0.906,0,['Ambient'],lentas
99,5dqPGe1mGp6NLZ4ebvPusH,Celer,Fathom This Young Life,Nacreous Clouds,2.77,69,0.085,0.169,0.0348,G,4,0.72,0.943,1,['Ambient'],lentas
100,2Qq11WmUwFnsOudBCpPeuD,Celer,Metal Master,Nacreous Clouds,1.33,63,0.261,0.165,0.0271,G,1,0.137,0.771,1,['Ambient'],lentas
101,5exqTDSSFWxDYDxj3K1ZYo,Celer,Diphenhydramine,Nacreous Clouds,4.07,136,0.444,0.265,0.0326,G,4,0.87,0.938,1,['Ambient'],medias
102,181EhPXefYPYEJcr9COtl9,Celer,Sluggish in the Morning,Nacreous Clouds,2.3,144,0.111,0.132,0.0319,C,4,0.963,0.954,1,['Ambient'],lentas
103,4QszONCo6ibSUsxPjOzU13,Celer,Seeing; That Side of Teaching,Nacreous Clouds,2.28,0,0.00024,0.0,0.0,B,0,0.934,0.885,0,['Ambient'],medias
104,4mRsK2kmDlrgKz6PqIPIym,Celer,Mi,Nacreous Clouds,1.8,139,0.0208,0.143,0.0254,C,4,0.98,0.941,1,['Ambient'],medias
105,1ZtnqkRRzcuMFIV8XJpGv0,Celer,Peak Pressure,Nacreous Clouds,5.17,63,0.033,0.0587,0.0349,G,4,0.87,0.964,1,['Ambient'],medias
106,1yOpLc2WOocfRjTzYNS148,Celer,Rain Machines,Nacreous Clouds,1.17,140,0.0604,0.141,0.0227,A,4,0.966,0.636,0,['Ambient'],lentas
107,1bo4vnth4pJR640zGl3io9,Celer,Voiceless Devilfish,Nacreous Clouds,1.02,73,0.00559,0.201,0.0362,F,4,0.982,0.977,1,['Ambient'],lentas
108,6ABdwd3nGKveejHb4cJKWn,Celer,Swarms of Orange,Nacreous Clouds,1.37,68,0.00025,0.149,0.0376,B,4,0.924,0.904,1,['Ambient'],lentas
109,4TzRD8VjFyDDqCo5UKMXRT,Celer,The Divine is not Invisible,Nacreous Clouds,1.82,117,0.0782,0.171,0.0235,D#,4,0.991,0.956,1,['Ambient'],lentas
110,3gbxjWniSs65efM1Cd8xyQ,Celer,Passing Hills and Still Windmills,Nacreous Clouds,1.17,74,0.00273,0.0801,0.0421,F,4,0.795,0.957,1,['Ambient'],medias
111,0732UX86RArpsI33whyj68,Celer,Petrified Forest,Nacreous Clouds,3.57,68,0.0283,0.179,0.0257,A#,4,0.993,0.859,1,['Ambient'],lentas
112,0j8fpSzS1r2x3MrXzOFdat,Celer,Ice Deserts over Ross Island,Nacreous Clouds,3.38,82,0.0413,0.0778,0.0298,C#,4,3.2e-05,0.938,1,['Ambient'],lentas
113,6U1kpwNO00br1GaM71DupF,Celer,Scratch the Chest of Your Voices,Nacreous Clouds,1.03,135,0.0412,0.152,0.0319,D,4,0.796,0.92,1,['Ambient'],medias
114,540tx7wyeCe5bGuQ83ADSH,Celer,Blind Darsan,Nacreous Clouds,0.83,75,0.0188,0.176,0.0321,C,3,0.993,0.932,1,['Ambient'],lentas
115,4S7Po1PQULQ7UIbAwlROeM,Celer,Missed Language,Nacreous Clouds,1.0,66,0.00339,0.233,0.0249,D,4,0.996,0.91,0,['Ambient'],lentas
116,0fjJB7DDsIMlH0E8XMfAlq,Celer,Late Calms,Nacreous Clouds,1.22,87,0.0057,0.177,0.0271,G,4,0.987,0.953,1,['Ambient'],lentas
117,4TC6TXlb0fgEuf2RJmN1JB,Celer,"“To Be Holy, Be Wholly Your Own”",Nacreous Clouds,3.3,73,0.0315,0.212,0.0173,C#,4,0.982,0.946,1,['Ambient'],lentas
118,1tC9sVks3UKuY8Jhfgqult,Celer,Hyperopia,Nacreous Clouds,3.92,69,0.198,0.192,0.0251,C#,4,0.0742,0.976,1,['Ambient'],lentas
119,4iv8Z6h3dnzw7qEgByPfGr,Celer,Right to Left,Nacreous Clouds,1.42,71,0.225,0.188,0.032,C,4,0.487,0.962,1,['Ambient'],lentas
120,1WJnqv0owJ6Go6XnXjI2Y5,Celer,A Minor Echolocation,Nacreous Clouds,2.53,134,0.000666,0.168,0.0285,D,4,0.981,1.0,1,['Ambient'],medias
121,7I8gtkCY8OfCXjqhLgkILS,Celer,We Were Blond First,Nacreous Clouds,1.62,68,0.105,0.257,0.0373,D#,4,0.893,0.952,1,['Ambient'],lentas
122,5CAhzUvKyAd7pNU0Zek9Us,Celer,The Stars are only Smears,Nacreous Clouds,1.93,123,0.135,0.219,0.0224,F,4,0.976,0.892,1,['Ambient'],lentas
123,2sJRCp01VgbiCbnnNeAHzW,Celer,Orionne,Nacreous Clouds,1.27,77,0.0007,0.146,0.114,D,4,0.785,0.966,1,['Ambient'],lentas
124,2FuwnFkVIwkEpdVfDgTZNp,Celer,5:59 AM,Nacreous Clouds,2.42,68,0.0307,0.167,0.0311,D#,4,0.982,0.899,1,['Ambient'],lentas
125,7d13oIHC4y7lMsFc8F63Do,Celer,Ends Meet,Nacreous Clouds,1.97,140,0.0295,0.152,0.0308,C,4,0.872,0.963,1,['Ambient'],medias
126,4TuwZ2cd1XuQFZtibRTMMr,Celer,Mass Clouds,Nacreous Clouds,3.55,70,0.016,0.195,0.0307,D,4,0.93,0.97,1,['Ambient'],lentas
127,0xqPmtYfmSk2GgmL7fl1lj,Celer,Till the Clouds Roll By,Nacreous Clouds,0.13,0,0.438,0.0,0.0,C#,0,0.542,3.67e-05,1,['Ambient'],medias
128,34DIklRiKWwnmhwxehblKK,Celer,Apricot Sunrise,Nacreous Clouds,1.83,140,0.0219,0.174,0.0274,A,3,0.97,0.789,0,['Ambient'],medias
129,6DuoVPVIAKiZVJ1TcYyWXe,Celer,Echelons,Nacreous Clouds,2.43,114,0.0462,0.208,0.0227,D#,1,0.991,0.985,1,['Ambient'],lentas
130,7zxL6eKHN72GM3Z08X2rf9,Anenon,Open,Tongue,3.31,60,0.303,0.176,0.0777,G,3,0.954,0.15,0,,lentas
131,3pHck24CChlWo2443GaOS3,Anenon,Two For C,Tongue,5.28,180,0.472,0.201,0.205,A#,3,0.957,0.953,1,,medias
132,1vgG9p7WamDZSpK3489Pzt,Anenon,Mansana,Tongue,8.23,99,0.168,0.161,0.038,D,4,0.977,0.936,0,,lentas
133,6MGU2F182leCZ28uHtzY40,Anenon,Contra,Tongue,1.53,126,0.281,0.411,0.135,C,4,0.952,0.925,0,,medias
134,1d6azm9hJ1pjEkCb1N7YQC,Anenon,Verso,Tongue,4.95,137,0.452,0.488,0.156,D#,4,0.947,0.951,1,,medias
135,54nVOodAjzOq8Z4or4OnRn,Anenon,Campana,Tongue,2.62,138,0.136,0.225,0.0431,C,3,0.847,0.0861,1,,lentas
136,3wCIATEnczNq4FHkZvvYb6,Anenon,Pure,Tongue,3.93,110,0.534,0.28,0.285,G,3,0.26,0.889,0,,medias
137,5vJKRQ86yekhs7FSl3vbaE,Anenon,Tongue,Tongue,5.06,179,0.651,0.47,0.313,F,4,0.708,0.894,0,,medias
138,6kQYXkCqyZ3CPiBpKxtHNv,Anenon,Sardinia,Tongue,3.34,68,0.163,0.185,0.0347,D#,4,0.942,0.964,1,,lentas
139,35NyjYJFaJxqbUF2y0jWl1,Aphex Twin,#1,Selected Ambient Works Volume II,7.46,103,0.0327,0.619,0.0785,A#,4,0.995,0.712,0,"['Ambient', 'Experimental']",medias
140,0o3pBoCxCCVF6ungXlgVyL,Aphex Twin,#2,Selected Ambient Works Volume II,6.57,80,0.0562,0.352,0.15,B,5,0.994,0.894,1,"['Ambient', 'Experimental']",medias
141,2Bc4llhjJBW77I552RgA3L,Aphex Twin,#3,Selected Ambient Works Volume II,7.74,143,0.071,0.167,0.0613,F#,5,0.911,0.855,0,"['Ambient', 'Experimental']",lentas
142,0FxUnU4EjDoDGRiFuVjyBH,Aphex Twin,#4,Selected Ambient Works Volume II,4.66,122,0.236,0.172,0.0309,A,4,0.96,0.98,1,"['Ambient', 'Experimental']",lentas
143,4HBo946zIZAYhyzlZ7hfGo,Aphex Twin,#5,Selected Ambient Works Volume II,8.92,140,0.0991,0.25,0.0399,C#,4,0.965,0.939,0,"['Ambient', 'Experimental']",lentas
144,6ucdKYdgqPpt5c7QqPAAN1,Aphex Twin,#6,Selected Ambient Works Volume II,3.52,101,0.0774,0.226,0.0674,D,4,0.995,0.979,0,"['Ambient', 'Experimental']",lentas
145,4Rjz6GjnEtG9upOBj6vGKK,Aphex Twin,#7,Selected Ambient Works Volume II,8.86,72,0.0333,0.278,0.0477,C#,5,0.994,0.981,0,"['Ambient', 'Experimental']",medias
146,4upOLM0SxXsQp1OW6GhZZK,Aphex Twin,#8,Selected Ambient Works Volume II,5.14,113,0.101,0.942,0.303,G,4,0.92,0.941,1,"['Ambient', 'Experimental']",medias
147,6AiDG8KtDJX9ZZS8fSxWjT,Aphex Twin,#9,Selected Ambient Works Volume II,6.91,166,0.0742,0.797,0.45,F#,4,0.347,0.875,1,"['Ambient', 'Experimental']",medias
148,70txB0RmsuMbo5Q1KOBGln,Aphex Twin,#10,Selected Ambient Works Volume II,9.97,70,0.0472,0.116,0.0201,D#,4,0.974,0.905,0,"['Ambient', 'Experimental']",lentas
149,00rqHqrLS3ZZCqRLsMSPXs,Aphex Twin,#11,Selected Ambient Works Volume II,7.3,119,0.0287,0.671,0.0381,B,4,0.995,0.923,1,"['Ambient', 'Experimental']",medias
150,2RAAqoqzKaZ8LvsA6Uxd7W,Aphex Twin,#12,Selected Ambient Works Volume II,2.7,75,0.482,0.325,0.172,G#,3,0.000279,0.85,1,"['Ambient', 'Experimental']",medias
151,7c4lnS1bSj4fRJWAQ8D54R,Aphex Twin,#13,Selected Ambient Works Volume II,7.34,135,0.127,0.497,0.0402,F,4,0.993,0.859,0,"['Ambient', 'Experimental']",medias
152,2KhubLGvTQRSmsXLy10JU1,Aphex Twin,#14,Selected Ambient Works Volume II,8.01,153,0.0296,0.127,0.0377,E,3,0.992,0.947,0,"['Ambient', 'Experimental']",medias
153,4orZ8nXNp9I3F3wB0mlSNH,Aphex Twin,#15,Selected Ambient Works Volume II,5.57,95,0.91,0.638,0.51,A,4,0.000105,0.928,0,"['Ambient', 'Experimental']",medias
154,12l5YvRBNHUdUWSIBkxItS,Aphex Twin,#16,Selected Ambient Works Volume II,4.76,57,0.558,0.201,0.0284,F#,4,0.986,0.891,0,"['Ambient', 'Experimental']",medias
155,5Ae091FBx68ZZ6JrCue7XI,Aphex Twin,#17,Selected Ambient Works Volume II,2.09,121,0.148,0.392,0.0653,G,4,0.983,0.851,0,"['Ambient', 'Experimental']",medias
156,0EF2mNCpYwYZIdgJxAU31D,Aphex Twin,#18,Selected Ambient Works Volume II,7.28,196,0.21,0.662,0.169,C#,4,0.813,0.359,1,"['Ambient', 'Experimental']",medias
157,4rBDwVatn86sMwFiSv5a89,Aphex Twin,#19,Selected Ambient Works Volume II,5.96,109,0.263,0.709,0.233,E,4,0.354,0.857,0,"['Ambient', 'Experimental']",medias
158,5IExVHUiRccCWyJ4imu9qD,Aphex Twin,#20,Selected Ambient Works Volume II,4.26,141,0.042,0.142,0.0427,A,3,0.971,0.913,0,"['Ambient', 'Experimental']",medias
159,4SdyKZ8aquHh9mrvZ6eWXj,Aphex Twin,#21,Selected Ambient Works Volume II,7.16,84,0.206,0.0978,0.0335,A,4,0.981,0.977,1,"['Ambient', 'Experimental']",lentas
160,0hkwNfHKMTy1q2upxgHENJ,Aphex Twin,#22,Selected Ambient Works Volume II,7.51,141,0.119,0.135,0.0334,F,5,0.866,0.904,1,"['Ambient', 'Experimental']",lentas
161,43gZ3o30uy5c2joM7w5qO0,Aphex Twin,#23,Selected Ambient Works Volume II,11.45,166,0.0671,0.514,0.0391,D,4,0.996,0.909,0,"['Ambient', 'Experimental']",medias
162,0gZzXPfSknP68aZ5sfyVUH,Aphex Twin,#24,Selected Ambient Works Volume II,5.7,138,0.293,0.227,0.0337,C#,3,0.941,0.965,1,"['Ambient', 'Experimental']",lentas
163,4pNiQlCV92Bv25fvluKzKh,Kodomo,Concept 15,Still Life,2.63,160,0.598,0.367,0.612,F,4,0.432,0.891,1,,medias
164,2sKY9CiAANqg4M8jLoltKq,Kodomo,Concept 11,Still Life,5.58,146,0.579,0.669,0.547,A#,4,0.226,0.886,0,,rápidas
165,6YZhPShzIanAHFteBIBE7R,Kodomo,Concept 3,Still Life,5.04,106,0.589,0.82,0.559,B,4,0.0545,0.198,0,,medias
166,55bFnrLvc4tUvHVngYhMV3,Kodomo,Concept 1,Still Life,5.13,99,0.491,0.759,0.355,A#,4,0.0726,0.772,0,,medias
167,2kuwDNaAWuXcfLiC2cbvUs,Kodomo,Concept 13,Still Life,4.4,108,0.117,0.491,0.0398,C,4,0.964,0.942,0,,medias
168,4aEy2KCh3Rc1XBrOW8S7nz,Kodomo,Concept 16,Still Life,10.6,94,0.844,0.52,0.369,A#,4,0.199,0.771,1,,medias
169,2ZzRzUHlRATIuIexbxPACp,Kodomo,Concept 10,Still Life,5.05,160,0.49,0.639,0.635,F#,4,0.165,0.838,1,,rápidas
170,6n80pDnDT0XvXMuC6mWB5k,Kodomo,Concept 8,Still Life,1.9,90,0.237,0.403,0.102,A,4,0.895,0.825,1,,medias
171,6jQvI3Ctogtm711xK9yzRE,Kodomo,Concept 9,Still Life,4.09,144,0.165,0.547,0.296,F,3,0.848,0.887,0,,medias
172,4GPnohm5Vvq7vfqESyCMpC,Kodomo,Spira Mirabilis,Still Life,7.26,128,0.659,0.703,0.499,G#,4,0.00743,0.783,1,,rápidas
173,3LAFUS31F0n4niGXFVwAoD,Tristan Arp,Pond In Moonlight,Sculpturegardening,3.11,80,0.11,0.679,0.5,D#,4,0.979,0.961,0,"['Ambient', 'IDM', 'New Age', 'Techno']",medias
174,1JnBldJPPq06C2OPpapjPz,Tristan Arp,From The Seams,Sculpturegardening,4.3,120,0.726,0.651,0.402,C,4,0.584,0.844,1,"['Ambient', 'IDM', 'New Age', 'Techno']",rápidas
175,2Hk5ez5QGXGixgFylHtzmc,Tristan Arp,Marble Net,Sculpturegardening,1.99,168,0.415,0.77,0.137,F,4,0.498,0.655,1,"['Ambient', 'IDM', 'New Age', 'Techno']",medias
176,4geZpMBoSacoU1ikeJwQ6v,Tristan Arp,Foraging Music,Sculpturegardening,2.25,119,0.646,0.504,0.542,D,4,0.633,0.905,1,"['Ambient', 'IDM', 'New Age', 'Techno']",rápidas
177,4WPu4QKTxlbTYCmECWdKEi,Tristan Arp,A Clearing (In Empty Space),Sculpturegardening,2.8,127,0.192,0.189,0.0578,E,1,0.956,0.964,1,"['Ambient', 'IDM', 'New Age', 'Techno']",lentas
178,0g7znoxJm8727kZmOMNkQU,Tristan Arp,Gypsum,Sculpturegardening,5.23,99,0.4,0.765,0.276,C#,4,0.0347,0.869,1,"['Ambient', 'IDM', 'New Age', 'Techno']",medias
179,0UKmIibASYs1us9TNgLFtT,Tristan Arp,Photosynthesis,Sculpturegardening,2.67,105,0.488,0.691,0.806,B,4,0.867,0.937,1,"['Ambient', 'IDM', 'New Age', 'Techno']",medias
180,5avEoBUtqSwpox6n7hCZyJ,Tristan Arp,Thought Painting,Sculpturegardening,2.63,120,0.18,0.581,0.252,F#,3,0.957,0.945,1,"['Ambient', 'IDM', 'New Age', 'Techno']",medias
181,7uE3krrBmKd0lrpbLGGvdI,Tristan Arp,Cloud Surface,Sculpturegardening,5.0,65,0.256,0.368,0.0691,G#,4,0.948,0.937,1,"['Ambient', 'IDM', 'New Age', 'Techno']",medias
182,6HmtbuPgCApFCDKPmciwAq,Facta,Sistine (Plucks),Blush,3.49,170,0.281,0.623,0.383,C#,3,0.978,0.514,0,"['Pop Punk', 'Emo']",medias
183,7hNWjvl7amThfh2uiZjoOa,Facta,On Deck,Blush,3.59,110,0.746,0.729,0.55,G,4,0.000851,0.858,1,"['Pop Punk', 'Emo']",rápidas
184,3Uvj8sUC05x5h6TYSyySZh,Facta,Brushes,Blush,5.4,120,0.672,0.635,0.638,C#,4,0.00251,0.852,1,"['Pop Punk', 'Emo']",rápidas
185,6g97OuEIiJVZebxeh8lZMX,Facta,Verge,Blush,3.84,115,0.465,0.66,0.503,C#,4,0.0165,0.87,1,"['Pop Punk', 'Emo']",rápidas
186,7gCSROZqQKO0dbUiBlikyr,Facta,Iso Stream,Blush,3.7,125,0.413,0.697,0.0631,G#,4,0.797,0.858,1,"['Pop Punk', 'Emo']",medias
187,6b5Y2qdzMU6X9sK11UXouC,Facta,Diving Birds,Blush,5.49,125,0.663,0.864,0.65,G#,4,0.316,0.849,1,"['Pop Punk', 'Emo']",medias
188,0TNvT1nOjUcDpamaWDtSxd,Facta,Blush,Blush,3.96,160,0.393,0.721,0.208,F,4,0.103,0.439,1,"['Pop Punk', 'Emo']",medias
189,4u0BRH8GlwKsLlzQcCsuhX,Facta,Low Bridge (Lights),Blush,2.77,111,0.188,0.21,0.0307,F#,3,0.966,0.946,1,"['Pop Punk', 'Emo']",lentas
190,74zgYTcIO6Nlcg8EQHZr39,Priori,Winged,Your Own Power,3.89,125,0.742,0.332,0.201,F,4,0.0112,0.899,0,"['Techno', 'Downtempo', 'Ambient']",medias
191,2KGCtzDfiBfJ7mMosv7NFZ,Priori,Oyl,Your Own Power,6.86,125,0.885,0.704,0.362,B,4,0.206,0.842,0,"['Techno', 'Downtempo', 'Ambient']",rápidas
192,0vwoBxbfsBLqyiHzTZcqBt,Priori,Shkrub,Your Own Power,4.24,140,0.51,0.573,0.212,A#,4,0.102,0.751,1,"['Techno', 'Downtempo', 'Ambient']",rápidas
193,7qjf8JkvdeZMUGwxAM3KAT,Priori,Color Me,Your Own Power,9.09,125,0.591,0.688,0.193,G#,4,0.182,0.899,0,"['Techno', 'Downtempo', 'Ambient']",rápidas
194,4rLApV04BBR8d6O9nkN5KQ,Priori,2-9-1,Your Own Power,4.62,132,0.796,0.325,0.0434,G,4,0.00283,0.605,1,"['Techno', 'Downtempo', 'Ambient']",medias
195,07gYctjNNwTfbBMkE3wdkh,Priori,The Tower,Your Own Power,3.35,122,0.243,0.287,0.16,A#,3,0.815,0.831,0,"['Techno', 'Downtempo', 'Ambient']",lentas
196,4JY72VDxa4D50OerGdD0Oh,Priori,The Village,Your Own Power,5.04,99,0.627,0.359,0.338,F,1,0.162,0.469,0,"['Techno', 'Downtempo', 'Ambient']",medias
197,2sJfJnsqdlHTX8N82Z2Bwp,Priori,Your Own Power,Your Own Power,8.07,134,0.616,0.612,0.216,C#,4,0.683,0.903,1,"['Techno', 'Downtempo', 'Ambient']",rápidas
198,0iOAGccoiBTs7QKkMJSgUF,Priori,Liminal,Your Own Power,5.45,123,0.547,0.549,0.208,G#,3,0.711,0.896,1,"['Techno', 'Downtempo', 'Ambient']",rápidas
199,7FcezWdmM7Js7choX1dIgE,Priori,2see,On A Nimbus,3.17,168,0.374,0.273,0.16,B,4,0.96,0.938,0,"['IDM', 'Techno', 'House', 'Jungle', 'Ambient']",medias
200,2ckXjvmY3dFbiPXGrVE5Kz,Priori,Creative Lizard,On A Nimbus,5.41,136,0.822,0.752,0.869,F,4,0.415,0.904,1,"['IDM', 'Techno', 'House', 'Jungle', 'Ambient']",rápidas
201,2vQdZhcKIDBE1XgCu0JTxH,Priori,Dreams Of A Digital Sublime,On A Nimbus,4.32,124,0.682,0.552,0.543,C#,4,0.2,0.914,1,"['IDM', 'Techno', 'House', 'Jungle', 'Ambient']",rápidas
202,64sGtsgxsZxMBPliPP8F3w,Priori,Tech Ne,On A Nimbus,5.12,128,0.559,0.619,0.111,A,4,0.517,0.918,0,"['IDM', 'Techno', 'House', 'Jungle', 'Ambient']",rápidas
203,0Hfw19aEOxMJaEWg0VzQQS,Priori,Critter,On A Nimbus,4.47,129,0.631,0.62,0.697,G,4,0.104,0.765,1,"['IDM', 'Techno', 'House', 'Jungle', 'Ambient']",rápidas
204,19fADSsjfLmiIp65fYsCrJ,Priori,On A Nimbus,On A Nimbus,7.23,94,0.574,0.613,0.151,D#,4,0.176,0.924,0,"['IDM', 'Techno', 'House', 'Jungle', 'Ambient']",rápidas
205,3yrkj1Rb2hPO6kPBJG24oG,Priori,6thematic,On A Nimbus,6.32,124,0.493,0.725,0.727,D,4,0.453,0.877,0,"['IDM', 'Techno', 'House', 'Jungle', 'Ambient']",rápidas
206,25teNOu3NtSvbsLG9VhQMC,Priori,Afterburn,On A Nimbus,6.93,135,0.506,0.604,0.0834,C#,4,0.115,0.9,1,"['IDM', 'Techno', 'House', 'Jungle', 'Ambient']",rápidas
207,2QWohzWhyL4oYHHq7HZIfq,Priori,4see,On A Nimbus,4.57,126,0.959,0.802,0.81,B,4,0.131,0.932,0,"['IDM', 'Techno', 'House', 'Jungle', 'Ambient']",medias
208,0Z18kAN2S2IHFmJpAW7lIT,Priori,Eh-Poh-Ne,On A Nimbus,5.01,115,0.705,0.737,0.633,C#,4,0.0165,0.873,1,"['IDM', 'Techno', 'House', 'Jungle', 'Ambient']",rápidas
209,4OwojvrYF0bem78Pe9Xp0d,Priori,Ani Ma,On A Nimbus,4.46,138,0.667,0.714,0.962,A#,4,0.0553,0.849,0,"['IDM', 'Techno', 'House', 'Jungle', 'Ambient']",rápidas
210,0zKvWsZYll1fcjqnnc7Gvb,Aloka,K1,K1 / K2,3.62,136,0.693,0.651,0.125,B,4,0.00576,0.874,0,['Drum n Bass'],rápidas
211,616pK3dZkvXqFOmFz7xgJY,Aloka,K2,K1 / K2,3.82,130,0.992,0.763,0.172,B,4,0.00842,0.884,1,['Drum n Bass'],medias
212,6AkLVSw6bfd1qulKjVZ8A6,Perko,Intro,The City Rings,0.59,190,0.862,0.0951,0.0388,D,4,0.924,0.974,0,"['Experimental', 'Dubstep', 'Electro', 'Drum n Bass', 'Breaks']",medias
213,3w2HposkRncXo5Ip7IVj6U,Perko,Stutter,The City Rings,4.19,146,0.632,0.7,0.389,B,4,0.136,0.779,1,"['Experimental', 'Dubstep', 'Electro', 'Drum n Bass', 'Breaks']",rápidas
214,6pCms8khEiqrjnWME9UaWt,Perko,Grounds,The City Rings,1.98,130,0.111,0.164,0.121,C#,5,0.968,0.977,0,"['Experimental', 'Dubstep', 'Electro', 'Drum n Bass', 'Breaks']",lentas
215,3C7liMzscXECjFP5zAvUpc,Perko,Luna,The City Rings,1.61,110,0.117,0.3,0.235,A,3,0.953,0.953,1,"['Experimental', 'Dubstep', 'Electro', 'Drum n Bass', 'Breaks']",lentas
216,5mSjGlWu7HfHqIyunVpL6a,Perko,The Reason,The City Rings,4.28,165,0.945,0.663,0.535,A#,4,0.0182,0.92,0,"['Experimental', 'Dubstep', 'Electro', 'Drum n Bass', 'Breaks']",medias
217,1QSdI3sSXXVVaY1OuHeTnN,Perko,Pippin (Version),The City Rings,4.03,184,0.171,0.131,0.034,B,5,0.837,0.533,0,"['Experimental', 'Dubstep', 'Electro', 'Drum n Bass', 'Breaks']",medias
218,36Rlx27Q8i9a51YdZqy3Yb,Perko,Pippin,The City Rings,3.87,76,0.667,0.604,0.096,A#,4,0.00638,0.847,0,"['Experimental', 'Dubstep', 'Electro', 'Drum n Bass', 'Breaks']",medias
219,7ozykIVS8NkqHwhBSEXBok,Perko,Outro,The City Rings,1.08,107,0.883,0.193,0.0195,G,4,0.737,0.902,1,"['Experimental', 'Dubstep', 'Electro', 'Drum n Bass', 'Breaks']",medias
220,7sYMvYKyP6Gc9SAZNZW1UO,Simo Cell,Short Leg,YES.DJ,6.08,102,0.56,0.566,0.0379,G,4,0.00209,0.911,1,"['Techno', 'Electro', 'Breaks', 'Dubstep']",rápidas
221,65aKIK2GRSTlDSH4ieN965,Simo Cell,Farts,YES.DJ,2.3,142,0.447,0.832,0.174,C#,4,0.00369,0.687,1,"['Techno', 'Electro', 'Breaks', 'Dubstep']",medias
222,4eVvdiBVL7Yn6AELM891ro,Simo Cell,Yes.DJ,YES.DJ,4.89,150,0.611,0.678,0.458,C#,4,2.05e-05,0.858,0,"['Techno', 'Electro', 'Breaks', 'Dubstep']",rápidas
223,7oL8yDVzpJVUd2LozdvQHU,Simo Cell,Whispers,YES.DJ,4.28,137,0.63,0.768,0.319,C#,4,0.000114,0.927,1,"['Techno', 'Electro', 'Breaks', 'Dubstep']",rápidas
224,1ekCDVsebFQrwbGeW384OC,Simo Cell,Cegetel,YES.DJ,5.91,133,0.756,0.791,0.0785,B,4,0.0136,0.919,0,"['Techno', 'Electro', 'Breaks', 'Dubstep']",rápidas
225,50CcEcakEYAFaPlNY57Ku2,Simo Cell,Not All It's Cracked up to Be,YES.DJ,6.75,102,0.449,0.675,0.0502,C#,4,0.00488,0.579,1,"['Techno', 'Electro', 'Breaks', 'Dubstep']",medias
226,3jWZXDktZVgDelnDJx9DtO,Forest Drive West,Creation Dub,Parallel Space EP,5.88,186,0.699,0.67,0.704,E,4,0.338,0.822,1,['Dub Techno'],medias
227,5fnHLgiqw35Dn1oRuaLDBU,Forest Drive West,Drift,Parallel Space EP,6.45,121,0.578,0.419,0.199,E,4,0.262,0.935,0,['Dub Techno'],rápidas
228,4LEL7awuDP5GIZ8QrRhu3Z,Forest Drive West,Parallel Space,Parallel Space EP,6.7,126,0.676,0.562,0.152,E,4,0.0841,0.81,0,['Dub Techno'],rápidas
229,1jcELDwu4BADKjLljG05vz,Forest Drive West,Parallel Space - Conforce Remix,Parallel Space EP,8.3,133,0.647,0.469,0.149,B,4,0.0277,0.846,0,['Dub Techno'],rápidas
230,2WfQ9EaXnxrXVpMT07Z6Ny,Gigi Masin,Calypso,Calypso,5.9,120,0.576,0.518,0.612,C,4,0.893,0.979,1,['Calypso'],rápidas
231,1mba8QsgxhCPkVYqlEmT5D,Gigi Masin,Bellamore,Calypso,4.48,77,0.442,0.482,0.528,B,4,0.562,0.935,1,['Calypso'],medias
232,0sDRovI2A0H8XSkBfFeB3g,Gigi Masin,Nefertiti,Calypso,6.18,72,0.29,0.105,0.276,C,3,0.39,0.938,0,['Calypso'],lentas
233,0zX88bvWr5N9yXmHpsylhB,Gigi Masin,If,Calypso,4.47,65,0.19,0.0699,0.229,A,3,0.0188,0.502,0,['Calypso'],lentas
234,4IvgcA6irm87kEQnuZQPrn,Gigi Masin,Anemone,Calypso,4.07,160,0.378,0.424,0.263,F#,4,0.53,0.945,0,['Calypso'],medias
235,6q3eZzHB6oqh1IHRHjaZQ6,Gigi Masin,Khalifa Golf Club,Calypso,6.19,90,0.29,0.522,0.838,G#,4,0.873,0.957,0,['Calypso'],medias
236,5MyLAPTCbg5H7VxW99qTq4,Gigi Masin,Mayo Slide,Calypso,4.46,174,0.321,0.611,0.348,A,4,0.781,0.922,0,['Calypso'],medias
237,3R6fle7yOMueQZGgCJwSRw,Gigi Masin,Susan Maybe,Calypso,7.73,81,0.29,0.253,0.364,A,4,0.65,0.791,0,['Calypso'],lentas
238,06vUpg7SL5QxqjAnG6oaBi,Gigi Masin,Amaranta,Calypso,4.13,77,0.279,0.23,0.172,A,4,0.981,0.876,0,['Calypso'],lentas
239,7vDdXvLzn0ogNQMxfdxboQ,Gigi Masin,Coraline,Calypso,5.68,83,0.546,0.444,0.55,A#,4,0.855,0.724,1,['Calypso'],medias
240,4GDjGs6s64cIpF4bbtp8Kv,Gigi Masin,How to Disappear in a Kiss,Calypso,7.02,120,0.556,0.32,0.4,C#,4,0.647,0.964,1,['Calypso'],medias
241,6J6x5zTSinuRGnd2owbC0c,Gigi Masin,Cry Winds or Flames,Calypso,4.22,110,0.248,0.162,0.0696,B,3,0.925,0.911,0,['Calypso'],lentas
242,0pzl0Q9EepcmwhHg6UIeAK,Gigi Masin,Enter Venus,Calypso,4.33,154,0.657,0.573,0.912,G,4,0.061,0.796,1,['Calypso'],rápidas
243,2PA7rbuu4IDAbFAofjBI9W,Gigi Masin,On Demons and Diamonds,Calypso,7.12,134,0.165,0.269,0.0341,B,5,0.826,0.639,1,['Calypso'],lentas
244,4sWjRUO2SkdnusQQOZYcjo,Gigi Masin,The Water Sibyl,Calypso,7.67,116,0.469,0.582,0.326,A#,4,0.823,0.857,1,['Calypso'],rápidas
245,755WrjmPf8yE0unL67dsI6,Gigi Masin,Your Name Is My Infinite,Calypso,3.03,82,0.245,0.291,0.394,G#,5,0.868,0.869,1,['Calypso'],lentas
246,0hATWrfH3nF73WjsgbLe2N,Leif,Igam-Ogam,Igam-Ogam EP,5.64,126,0.783,0.634,0.802,C,4,0.117,0.859,1,"['Ambient', 'House']",rápidas
247,5enngFJXRim7Ms7TgDBcGN,Leif,First Image,Igam-Ogam EP,6.05,136,0.839,0.765,0.963,G,4,0.386,0.858,1,"['Ambient', 'House']",rápidas
248,5Z7Mb4OLhFY2RqbjyzHcpo,Leif,Seeker,Igam-Ogam EP,5.62,110,0.988,0.792,0.0421,G,3,0.289,0.875,1,"['Ambient', 'House']",medias
249,7IoTJTq8jD0xqwkIP6KZmB,Overmono,iii's Front,Whities 019,6.51,133,0.975,0.743,0.258,D,4,0.109,0.874,1,"['Techno', 'Drum n Bass']",medias
250,1UgSaXRBhEY8EsCbXcnfSS,Overmono,Quadraluv,Whities 019,6.95,136,0.618,0.669,0.2,C,4,0.832,0.892,1,"['Techno', 'Drum n Bass']",rápidas
251,4Nuc32bQfRt02C2xHTeURz,Overmono,Yell0W_Tail,Whities 019,4.76,130,0.693,0.765,0.47,D,4,0.0203,0.83,1,"['Techno', 'Drum n Bass']",rápidas
252,2C9FXEmMRN1sq3O7OaJrk5,Al Wootton,Ender,Snake Dance EP,4.65,89,0.862,0.471,0.471,A#,4,0.00226,0.922,0,"['Techno', 'UK Garage', 'Dub']",medias
253,3gRheTN801fP6lUGEP6wYS,Al Wootton,Revin,Snake Dance EP,6.2,130,0.883,0.736,0.6,D,4,0.00119,0.889,1,"['Techno', 'UK Garage', 'Dub']",rápidas
254,40LSoo0IxSs9Qq1w561iCW,Al Wootton,Snake Dance,Snake Dance EP,6.1,89,0.785,0.423,0.333,C#,3,0.000297,0.92,0,"['Techno', 'UK Garage', 'Dub']",medias
255,0A7LVo7FE5YkLwPv1k0vj5,Al Wootton,Lerzin,Snake Dance EP,4.96,135,0.95,0.788,0.517,C#,4,0.0014,0.89,1,"['Techno', 'UK Garage', 'Dub']",medias
256,7t3oFwCRo1945kEinn68mm,Al Wootton,Come Close,Witness,3.3,158,0.853,0.739,0.965,E,4,0.0139,0.49,0,"['Dance-pop', 'Synth-pop', 'House', 'Trap', 'Minimal', 'Pop Rap']",medias
257,3wIKETB1sJxUTC9aizEgMg,Al Wootton,Witness,Witness,5.73,140,0.68,0.735,0.166,G,4,0.0519,0.905,1,"['Dance-pop', 'Synth-pop', 'House', 'Trap', 'Minimal', 'Pop Rap']",rápidas
258,1XFBemxARiSOUFOEbiVtq0,Al Wootton,Gloamer,Witness,5.6,140,0.738,0.714,0.273,A,4,0.133,0.876,0,"['Dance-pop', 'Synth-pop', 'House', 'Trap', 'Minimal', 'Pop Rap']",rápidas
259,3jPFImxA4Hrh5NgpQjPgFC,Al Wootton,Over,Witness,4.87,135,0.615,0.704,0.551,E,4,0.0375,0.88,0,"['Dance-pop', 'Synth-pop', 'House', 'Trap', 'Minimal', 'Pop Rap']",rápidas
260,1JawERoM846pJC7VlVNAh0,Al Wootton,Sema,Witness,3.57,165,0.668,0.584,0.365,A,4,0.562,0.901,0,"['Dance-pop', 'Synth-pop', 'House', 'Trap', 'Minimal', 'Pop Rap']",rápidas
261,0NHc8wNr1mxYOlLk9g12qe,Al Wootton,A Clean Heart,Witness,3.87,126,0.715,0.78,0.255,E,4,0.00532,0.784,0,"['Dance-pop', 'Synth-pop', 'House', 'Trap', 'Minimal', 'Pop Rap']",rápidas
262,2X1O4n8I87l9ytaywwkpOh,Al Wootton,Starlite Xpress,Witness,4.97,135,0.73,0.67,0.173,A,4,0.0372,0.864,0,"['Dance-pop', 'Synth-pop', 'House', 'Trap', 'Minimal', 'Pop Rap']",rápidas
263,7F9HPXwds5Mk2TYExxnpCM,Al Wootton,Cephas,Witness,5.69,135,0.712,0.612,0.0531,A,4,0.00214,0.926,0,"['Dance-pop', 'Synth-pop', 'House', 'Trap', 'Minimal', 'Pop Rap']",rápidas
264,0lEWGkoTpIJPbxXf2jcjx1,Otik,Wetlands,Wetlands,6.29,128,0.915,0.643,0.62,B,4,0.000798,0.95,0,['Techno'],rápidas
265,70YuynVbT0IFUGIiWPM4df,Otik,Clairvoyant,Wetlands,7.99,128,0.915,0.484,0.0794,C,4,0.0751,0.372,1,['Techno'],medias
266,29ZRHauhLZ92P8qhbCMXuq,Otik,Gravel,Wetlands,5.67,124,0.847,0.728,0.0288,G,4,2.04e-05,0.937,1,['Techno'],rápidas
267,35pintxpATZWAa1Vk8eJhD,Otik,Whole Wide Worlds,Wetlands,6.83,128,0.98,0.431,0.245,C,4,0.000744,0.926,1,['Techno'],medias
268,0l6acwkMvrn2mitwpLEXhs,Joy Orbison,Burn,Slipping,5.52,133,0.621,0.626,0.394,G,4,0.0391,0.779,1,"['House', 'Bass Music', 'UK Garage', 'Downtempo']",rápidas
269,73cUHonxziHGHcflZ5Ub5z,Joy Orbison,Under,Slipping,3.1,69,0.4,0.479,0.688,B,3,0.491,0.0941,0,"['House', 'Bass Music', 'UK Garage', 'Downtempo']",medias
270,6t4sGge1hiSMRiXXqMQ53u,Joy Orbison,w Dad,Slipping,1.87,105,0.356,0.38,0.122,G#,1,0.814,0.336,1,"['House', 'Bass Music', 'UK Garage', 'Downtempo']",medias
271,4GeZbQOxAcWuwrvFIC546u,Joy Orbison,Breathe In,Slipping,5.16,171,0.495,0.666,0.336,C,4,0.0071,0.141,1,"['House', 'Bass Music', 'UK Garage', 'Downtempo']",medias
272,58a0PL8JFoyLpGB4yZhwZd,Joy Orbison,Walworth Waltz,Slipping,3.28,125,0.665,0.623,0.485,F#,4,0.799,0.000425,1,"['House', 'Bass Music', 'UK Garage', 'Downtempo']",rápidas
273,7wmcHEZoSUJcUv8ANVjYyK,Joy Orbison,Yl She's Away,Slipping,5.77,135,0.441,0.721,0.124,F,4,0.201,0.749,0,"['House', 'Bass Music', 'UK Garage', 'Downtempo']",rápidas
274,7FIIj97V1a3kA24hwDsgIv,Daniel Avery,First Light,Song for Alpha,1.64,88,0.0332,0.126,0.0319,F,4,0.996,0.87,1,"['Acid', 'Acid House', 'Tech House', 'Ambient']",lentas
275,5fbsszPEEpIyyAF6IfjqBA,Daniel Avery,Stereo L,Song for Alpha,5.66,97,0.615,0.264,0.457,G,4,0.157,0.0395,1,"['Acid', 'Acid House', 'Tech House', 'Ambient']",medias
276,6z7yr9JIHvshiimiRgyG0k,Daniel Avery,Projector,Song for Alpha,5.24,154,0.717,0.301,0.117,A,5,0.0724,0.857,1,"['Acid', 'Acid House', 'Tech House', 'Ambient']",medias
277,5Ob5cquD1xVh6JiHj1fKVH,Daniel Avery,TBW17,Song for Alpha,1.15,74,0.252,0.299,0.0565,C,4,0.98,0.83,1,"['Acid', 'Acid House', 'Tech House', 'Ambient']",medias
278,0KehLcacJhme8Oh5VkQWJN,Daniel Avery,Sensation,Song for Alpha,7.55,124,0.636,0.608,0.143,A#,4,0.0156,0.717,1,"['Acid', 'Acid House', 'Tech House', 'Ambient']",rápidas
279,5A787n0TcaM3rwx3aHkPIN,Daniel Avery,Citizen // Nowhere,Song for Alpha,3.62,110,0.847,0.563,0.59,C#,4,0.123,0.957,1,"['Acid', 'Acid House', 'Tech House', 'Ambient']",medias
280,1WZE4QdOfxtx1pIbZGbDqN,Daniel Avery,Clear,Song for Alpha,5.56,123,0.939,0.335,0.0463,C#,4,0.00146,0.872,1,"['Acid', 'Acid House', 'Tech House', 'Ambient']",medias
281,4GAchWZeoDCOAQnrvANpl9,Daniel Avery,Diminuendo,Song for Alpha,7.01,125,0.825,0.578,0.0858,E,4,0.000433,0.89,0,"['Acid', 'Acid House', 'Tech House', 'Ambient']",rápidas
282,3eo7EWBXEcqCSxcTl0su85,Daniel Avery,Days From Now,Song for Alpha,2.75,180,0.0138,0.371,0.0373,D,5,0.989,0.962,0,"['Acid', 'Acid House', 'Tech House', 'Ambient']",medias
283,6o99gibSL6MSRuaT4IXmt0,Daniel Avery,Embers,Song for Alpha,1.92,76,0.381,0.21,0.0454,C#,3,0.994,0.957,0,"['Acid', 'Acid House', 'Tech House', 'Ambient']",medias
284,2AfaQgYVIQaI4DrwlEs9Yl,Daniel Avery,Slow Fade,Song for Alpha,5.54,93,0.687,0.411,0.139,A,4,0.00286,0.898,0,"['Acid', 'Acid House', 'Tech House', 'Ambient']",medias
285,50H0kB9AhvK6bkIpKVudhj,Daniel Avery,Glitter,Song for Alpha,6.7,115,0.472,0.585,0.0758,C#,4,0.0171,0.00536,1,"['Acid', 'Acid House', 'Tech House', 'Ambient']",rápidas
286,0jXUSDtZMu0aR5XeXK49Zt,Daniel Avery,Endnote,Song for Alpha,0.14,0,0.0264,0.0,0.0,D,0,0.97,0.998,1,"['Acid', 'Acid House', 'Tech House', 'Ambient']",medias
287,73MA3jr3apEfNWt1iUob1W,Daniel Avery,Quick Eternity,Song for Alpha,8.6,126,0.637,0.464,0.107,B,4,0.805,0.89,1,"['Acid', 'Acid House', 'Tech House', 'Ambient']",rápidas
288,7o5RdK16mSz3dT1ZuK33Zc,Perko,Sky Host,NV Auto,2.52,218,0.381,0.45,0.151,G#,3,0.987,0.926,0,"['Ambient', 'Breakbeat', 'Techno']",medias
289,7Ac58wqJHP7YeSvmlaLpaw,Perko,Rounded,NV Auto,5.73,138,0.789,0.63,0.766,B,4,0.0699,0.821,0,"['Ambient', 'Breakbeat', 'Techno']",rápidas
290,0OzzvBTsKxMk1E3zQUh4kK,Perko,What Otters,NV Auto,5.0,130,0.749,0.863,0.686,F,4,0.336,0.932,0,"['Ambient', 'Breakbeat', 'Techno']",medias
291,5Tz6zFRAfu6602N9A3nN63,Perko,Grace,NV Auto,5.14,128,0.839,0.523,0.139,C#,4,0.849,0.948,1,"['Ambient', 'Breakbeat', 'Techno']",medias
292,7AukYT8M26yWwyc5CWEFqa,Perko,Songbirds,NV Auto,6.86,144,0.846,0.73,0.168,E,4,0.00168,0.902,1,"['Ambient', 'Breakbeat', 'Techno']",rápidas
293,0XLCACphA7XwJzIVs11u1R,Perko,Polly,NV Auto,3.13,133,0.147,0.194,0.128,C#,4,0.908,0.848,1,"['Ambient', 'Breakbeat', 'Techno']",lentas
294,7v5rkoVS3eRh4qEH72mjo3,Perko,Water Memory,NV Auto,3.8,115,0.195,0.524,0.382,C#,4,0.989,0.925,0,"['Ambient', 'Breakbeat', 'Techno']",medias
